scientific.name,common.name,iconic.taxon.name,groups,observed.on,place.guess,positional.accuracy,user.login,user.id,captive.cultivated,url,image.url,license,source,checklist,count,longitude,latitude
Acmaeodera parkeri,Acmaeodera parkeri,Insecta,Insects,2025-11-26,"Pima County, AZ, USA",263,roomthily,442615,false,https://www.inaturalist.org/observations/328432074,https://inaturalist-open-data.s3.amazonaws.com/photos/595133972/medium.jpg,CC-BY-NC,iNaturalist,NA,1,-110.661127161,32.227585500000004
Melozone aberti,abert's towhee,Aves,Birds,2025-11-30,Saguaro NP--East--Loma Alta Trails,NA,NA,NA,NA,https://ebird.org/checklist/S286833062,NA,NA,eBird,S286833062,2,-110.6741066,32.1420559
Falco sparverius,american kestrel,Aves,Birds,2025-11-30,Saguaro NP--East--Douglas Spring Trail,NA,NA,NA,NA,https://ebird.org/checklist/S286815874,NA,NA,eBird,S286815874,1,-110.6854404,32.2348945
Falco sparverius,american kestrel,Aves,Birds,2025-11-29,Saguaro NP--East--Bridal Wreath Falls,NA,NA,NA,NA,https://ebird.org/checklist/S286716383,NA,NA,eBird,S286716383,1,-110.6506759,32.2274054
Libytheana carinenta,american snout,Insecta,Insects,2025-11-28,"Tucson, AZ 85730, USA",NA,yaniv6,6451174,false,https://www.inaturalist.org/observations/329019072,https://static.inaturalist.org/photos/596325404/medium.jpg,,iNaturalist,NA,1,-110.6748444444,32.2324777778
Libytheana carinenta,american snout,Insecta,Insects,2025-11-29,"Saguaro National Park - Tucson Mountain District, Tucson, AZ, US",4,gbodner,255108,false,https://www.inaturalist.org/observations/328865129,https://inaturalist-open-data.s3.amazonaws.com/photos/596017489/medium.jpg,CC-BY-NC,iNaturalist,NA,1,-111.130875,32.3123133333
Libytheana carinenta,american snout,Insecta,Insects,2025-11-29,"Tucson, AZ 85730, USA",NA,tapaculo99,20957,false,https://www.inaturalist.org/observations/328845078,https://inaturalist-open-data.s3.amazonaws.com/photos/595976235/medium.jpg,CC-BY-NC,iNaturalist,NA,1,-110.6733888889,32.2303138889
Libytheana carinenta,american snout,Insecta,Insects,2025-11-29,"Picture Rocks Wash Trail, Tucson, AZ, US",9,missbeehaven,9587719,false,https://www.inaturalist.org/observations/328821527,https://inaturalist-open-data.s3.amazonaws.com/photos/595927318/medium.jpg,CC-BY-NC,iNaturalist,NA,1,-111.1308666667,32.3122666667
Libytheana carinenta,american snout,Insecta,Insects,2025-11-27,Tucson,1,larea,8428309,false,https://www.inaturalist.org/observations/328503101,https://inaturalist-open-data.s3.amazonaws.com/photos/595284385/medium.jpg,CC-BY-NC,iNaturalist,NA,1,-110.7280883789,32.2031364441
Libytheana carinenta,american snout,Insecta,Insects,2025-11-26,"Pima County, AZ, USA",552,roomthily,442615,false,https://www.inaturalist.org/observations/328432157,https://inaturalist-open-data.s3.amazonaws.com/photos/595136988/medium.jpg,CC-BY-NC,iNaturalist,NA,1,-110.6750204444,32.2173914052
Libytheana carinenta,american snout,Insecta,Insects,2025-11-26,"Pima County, AZ, USA",552,roomthily,442615,false,https://www.inaturalist.org/observations/328432141,https://inaturalist-open-data.s3.amazonaws.com/photos/595136269/medium.jpg,CC-BY-NC,iNaturalist,NA,1,-110.6750204444,32.2173914052
Libytheana carinenta,american snout,Insecta,Insects,2025-11-26,"Pima County, AZ, USA",815,roomthily,442615,false,https://www.inaturalist.org/observations/328432137,https://inaturalist-open-data.s3.amazonaws.com/photos/595136200/medium.jpg,CC-BY-NC,iNaturalist,NA,1,-110.6696627263,32.2186410113
Libytheana carinenta,american snout,Insecta,Insects,2025-11-26,"Pima County, AZ, USA",653,roomthily,442615,false,https://www.inaturalist.org/observations/328432109,https://inaturalist-open-data.s3.amazonaws.com/photos/595135380/medium.jpg,CC-BY-NC,iNaturalist,NA,1,-110.6599002654,32.2236588577
Libytheana carinenta,american snout,Insecta,Insects,2025-11-26,"Pima County, AZ, USA",653,roomthily,442615,false,https://www.inaturalist.org/observations/328432106,https://inaturalist-open-data.s3.amazonaws.com/photos/595135289/medium.jpg,CC-BY-NC,iNaturalist,NA,1,-110.6599002654,32.2236588577
Libytheana carinenta,american snout,Insecta,Insects,2025-11-26,"Pima County, AZ, USA",332,roomthily,442615,false,https://www.inaturalist.org/observations/328432070,https://inaturalist-open-data.s3.amazonaws.com/photos/595133907/medium.jpg,CC-BY-NC,iNaturalist,NA,1,-110.6656282159,32.2280258035
Libytheana carinenta,american snout,Insecta,Insects,2025-11-26,"Pima County, AZ, USA",372,roomthily,442615,false,https://www.inaturalist.org/observations/328432042,https://inaturalist-open-data.s3.amazonaws.com/photos/595132543/medium.jpg,CC-BY-NC,iNaturalist,NA,1,-110.6742122982,32.2321235557
Libytheana carinenta,american snout,Insecta,Insects,2025-11-25,"Saguaro National Park - Rincon Mountain District, Tucson, AZ, US",1260,chiri-cottage,285992,false,https://www.inaturalist.org/observations/328277756,https://inaturalist-open-data.s3.amazonaws.com/photos/594827784/medium.jpg,CC-BY-NC,iNaturalist,NA,1,-110.7288876132,32.2152466869
Libytheana carinenta,american snout,Insecta,Insects,2025-11-25,"Pima County, AZ, USA",5,decayingobserver,9835693,false,https://www.inaturalist.org/observations/328269004,https://inaturalist-open-data.s3.amazonaws.com/photos/594808560/medium.jpg,CC-BY-NC,iNaturalist,NA,1,-110.7364055556,32.1800888889
Calypte anna,anna's hummingbird,Aves,Birds,2025-11-28,"Scenic Trail, Tucson, AZ, US",3,amplex4love,5504,false,https://www.inaturalist.org/observations/328777756,https://static.inaturalist.org/photos/595841243/medium.jpg,CC-BY,iNaturalist,NA,1,-111.1401361667,32.3518533333
Calypte anna,anna's hummingbird,Aves,Birds,2025-11-25,Saguaro National Park West - Nana and Bob's house,NA,NA,NA,NA,https://ebird.org/checklist/S286137171,NA,NA,eBird,S286137171,NA,-111.1050191,32.3060989
Calypte anna,anna's hummingbird,Aves,Birds,2025-11-24,Saguaro NP--East--Desert Ecology Trail,NA,NA,NA,NA,https://ebird.org/checklist/S285966365,NA,NA,eBird,S285966365,4,-110.724721,32.2035417
Sphaeralcea ambigua,apricot mallow,Plantae,Plants,2025-11-29,"Tucson, AZ 85743, USA",NA,drew23892,9157906,false,https://www.inaturalist.org/observations/328794019,https://inaturalist-open-data.s3.amazonaws.com/photos/595872166/medium.jpg,CC-BY-NC,iNaturalist,NA,1,-111.1471858,32.2689609997
Stagmomantis limbata,arizona mantis,Insecta,Insects,2025-11-26,"Tucson, AZ 85748, USA",87,alyss,1893531,false,https://www.inaturalist.org/observations/328406962,https://static.inaturalist.org/photos/595085294/medium.jpg,,iNaturalist,NA,1,-110.7039224356,32.2353397032
Cylindropuntia arbuscula,arizona pencil cholla,Plantae,Plants,2025-11-27,Tucson,13,larea,8428309,false,https://www.inaturalist.org/observations/328497176,https://inaturalist-open-data.s3.amazonaws.com/photos/595272105/medium.jpg,CC-BY-NC,iNaturalist,NA,1,-110.7289352417,32.2177085876
Selaginella arizonica,arizona spikemoss,Plantae,Plants,2025-11-26,"Saguaro National Park - Tucson Mountain District, Tucson, AZ, US",8,aldanaak,8893181,false,https://www.inaturalist.org/observations/328401274,https://inaturalist-open-data.s3.amazonaws.com/photos/595073830/medium.jpg,CC-BY-NC,iNaturalist,NA,1,-111.1722429016,32.2689963487
Myiarchus cinerascens,ash-throated flycatcher,Aves,Birds,2025-11-29,Saguaro NP--East--Loma Alta Trails,NA,NA,NA,NA,https://ebird.org/checklist/S286677369,NA,NA,eBird,S286677369,1,-110.6741066,32.1420559
Lycium berlandieri,berlandier's wolfberry,Plantae,Plants,2025-11-29,"Saguaro, Saguaro National Park, Pima County, US-AZ, US",3,missbeehaven,9587719,false,https://www.inaturalist.org/observations/328821882,https://inaturalist-open-data.s3.amazonaws.com/photos/595928028/medium.jpg,CC-BY-NC,iNaturalist,NA,1,-111.1308959966,32.3121530749
Lycium berlandieri,berlandier's wolfberry,Plantae,Plants,2025-11-27,"Sendero Esperanza Trail, Tucson, AZ, US",3,phoenix_66,5416176,false,https://www.inaturalist.org/observations/328568359,https://inaturalist-open-data.s3.amazonaws.com/photos/595418703/medium.jpg,CC-BY-NC,iNaturalist,NA,1,-111.1629780189,32.2581529765
Ambrosia ambrosioides,big bursage,Plantae,Plants,2025-11-27,Tucson,5,larea,8428309,false,https://www.inaturalist.org/observations/328503023,https://inaturalist-open-data.s3.amazonaws.com/photos/595283870/medium.jpg,CC-BY-NC,iNaturalist,NA,1,-110.7280807495,32.2031211853
Ambrosia ambrosioides,big bursage,Plantae,Plants,2025-11-26,"Tucson, AZ 85748, USA",324,aadtreher,19419,false,https://www.inaturalist.org/observations/328386395,https://inaturalist-open-data.s3.amazonaws.com/photos/595044497/medium.jpg,CC-BY-NC,iNaturalist,NA,1,-110.7229460031,32.2166866753
Ambrosia ambrosioides,big bursage,Plantae,Plants,2025-11-24,Tucson,3,stevenjameswade,6223012,false,https://www.inaturalist.org/observations/328080456,https://inaturalist-open-data.s3.amazonaws.com/photos/594435435/medium.jpg,CC-BY-NC-ND,iNaturalist,NA,1,-110.7234573364,32.2097663879
Sayornis nigricans,black phoebe,Aves,Birds,2025-11-26,"Pima County, AZ, USA",196,roomthily,442615,false,https://www.inaturalist.org/observations/328432172,https://inaturalist-open-data.s3.amazonaws.com/photos/595137299/medium.jpg,CC-BY-NC,iNaturalist,NA,1,-110.6841935992,32.2108847498
Coragyps atratus,black vulture,Aves,Birds,2025-11-29,"Panther Peak trail, Saguaro NP(West), Tucson US-AZ",NA,NA,NA,NA,https://ebird.org/checklist/S286706524,NA,NA,eBird,S286706524,15,-111.164537,32.345804
Polioptila melanura,black-tailed gnatcatcher,Aves,Birds,2025-11-30,Saguaro NP--East--Loma Alta Trails,NA,NA,NA,NA,https://ebird.org/checklist/S286833062,NA,NA,eBird,S286833062,1,-110.6741066,32.1420559
Polioptila melanura,black-tailed gnatcatcher,Aves,Birds,2025-11-30,Saguaro NP--East--Douglas Spring Trail,NA,NA,NA,NA,https://ebird.org/checklist/S286815874,NA,NA,eBird,S286815874,2,-110.6854404,32.2348945
Polioptila melanura,black-tailed gnatcatcher,Aves,Birds,2025-11-29,Saguaro NP--West--Picture Rocks Trail,NA,NA,NA,NA,https://ebird.org/checklist/S286708205,NA,NA,eBird,S286708205,1,-111.1305633,32.3277558
Polioptila melanura,black-tailed gnatcatcher,Aves,Birds,2025-11-29,Saguaro NP--East--Bridal Wreath Falls,NA,NA,NA,NA,https://ebird.org/checklist/S286716383,NA,NA,eBird,S286716383,1,-110.6506759,32.2274054
Polioptila melanura,black-tailed gnatcatcher,Aves,Birds,2025-11-29,"Panther Peak trail, Saguaro NP(West), Tucson US-AZ",NA,NA,NA,NA,https://ebird.org/checklist/S286706524,NA,NA,eBird,S286706524,5,-111.164537,32.345804
Polioptila melanura,black-tailed gnatcatcher,Aves,Birds,2025-11-26,Saguaro National Park West - Nana and Bob's house,NA,NA,NA,NA,https://ebird.org/checklist/S286235671,NA,NA,eBird,S286235671,2,-111.1050191,32.3060989
Polioptila melanura,black-tailed gnatcatcher,Aves,Birds,2025-11-25,Saguaro NP--East--Cactus Forest South Trailhead,NA,NA,NA,NA,https://ebird.org/checklist/S286149526,NA,NA,eBird,S286149526,1,-110.7287979,32.1704179
Polioptila melanura,black-tailed gnatcatcher,Aves,Birds,2025-11-24,"Scenic Trail, Tucson US-AZ 32.35171, -111.13997",NA,NA,NA,NA,https://ebird.org/checklist/S285975043,NA,NA,eBird,S285975043,2,-111.139975,32.351707
Amphispiza bilineata,black-throated sparrow,Aves,Birds,2025-11-24,"Pima County, AZ, USA",NA,mfaucher,504212,false,https://www.inaturalist.org/observations/328141543,https://static.inaturalist.org/photos/594556499/medium.jpg,,iNaturalist,NA,1,-110.72228809,32.19876417
Amphispiza bilineata,black-throated sparrow,Aves,Birds,2025-11-30,Saguaro NP--East--Loma Alta Trails,NA,NA,NA,NA,https://ebird.org/checklist/S286833062,NA,NA,eBird,S286833062,1,-110.6741066,32.1420559
Amphispiza bilineata,black-throated sparrow,Aves,Birds,2025-11-30,Saguaro NP--East--Freeman Homestead Trail,NA,NA,NA,NA,https://ebird.org/checklist/S286815464,NA,NA,eBird,S286815464,1,-110.7291734,32.1612133
Amphispiza bilineata,black-throated sparrow,Aves,Birds,2025-11-30,Saguaro NP--East--Rincon Mountain Visitor Center (not Cactus Loop Dr.),NA,NA,NA,NA,https://ebird.org/checklist/S286801475,NA,NA,eBird,S286801475,1,-110.7363725,32.180053
Amphispiza bilineata,black-throated sparrow,Aves,Birds,2025-11-30,Saguaro NP--East--Douglas Spring Trail,NA,NA,NA,NA,https://ebird.org/checklist/S286815874,NA,NA,eBird,S286815874,5,-110.6854404,32.2348945
Amphispiza bilineata,black-throated sparrow,Aves,Birds,2025-11-29,Saguaro NP--West--Picture Rocks Trail,NA,NA,NA,NA,https://ebird.org/checklist/S286708209,NA,NA,eBird,S286708209,1,-111.1305633,32.3277558
Amphispiza bilineata,black-throated sparrow,Aves,Birds,2025-11-29,Saguaro NP--East--Javelina Picnic Area,NA,NA,NA,NA,https://ebird.org/checklist/S286843654,NA,NA,eBird,S286843654,1,-110.7236373,32.1657012
Amphispiza bilineata,black-throated sparrow,Aves,Birds,2025-11-29,Saguaro NP--East--Bridal Wreath Falls,NA,NA,NA,NA,https://ebird.org/checklist/S286716383,NA,NA,eBird,S286716383,6,-110.6506759,32.2274054
Amphispiza bilineata,black-throated sparrow,Aves,Birds,2025-11-29,"Panther Peak trail, Saguaro NP(West), Tucson US-AZ",NA,NA,NA,NA,https://ebird.org/checklist/S286706524,NA,NA,eBird,S286706524,3,-111.164537,32.345804
Amphispiza bilineata,black-throated sparrow,Aves,Birds,2025-11-27,Saguaro National Park West - Nana and Bob's house,NA,NA,NA,NA,https://ebird.org/checklist/S286382829,NA,NA,eBird,S286382829,1,-111.1050191,32.3060989
Amphispiza bilineata,black-throated sparrow,Aves,Birds,2025-11-25,Saguaro NP--East--Cactus Forest South Trailhead,NA,NA,NA,NA,https://ebird.org/checklist/S286149526,NA,NA,eBird,S286149526,1,-110.7287979,32.1704179
Amphispiza bilineata,black-throated sparrow,Aves,Birds,2025-11-25,Saguaro NP--East--Cactus Forest Dr Loop,NA,NA,NA,NA,https://ebird.org/checklist/S286143650,NA,NA,eBird,S286143650,3,-110.7076505,32.191219
Amphispiza bilineata,black-throated sparrow,Aves,Birds,2025-11-25,Saguaro NP--West--Desert Discovery Trail,NA,NA,NA,NA,https://ebird.org/checklist/S286409778,NA,NA,eBird,S286409778,1,-111.2106575,32.2625304
Amphispiza bilineata,black-throated sparrow,Aves,Birds,2025-11-25,Saguaro NP--West--Cam-Boh Trail,NA,NA,NA,NA,https://ebird.org/checklist/S286134634,NA,NA,eBird,S286134634,1,-111.1659926,32.3192677
Amphispiza bilineata,black-throated sparrow,Aves,Birds,2025-11-25,Saguaro NP--East--Mica View,NA,NA,NA,NA,https://ebird.org/checklist/S286126452,NA,NA,eBird,S286126452,5,-110.7246381,32.2111462
Amphispiza bilineata,black-throated sparrow,Aves,Birds,2025-11-24,"Cactus Forest Trail, Tucson US-AZ 32.19972, -110.72143",NA,NA,NA,NA,https://ebird.org/checklist/S286030449,NA,NA,eBird,S286030449,3,-110.721426,32.199725
Amphispiza bilineata,black-throated sparrow,Aves,Birds,2025-11-24,"Scenic Trail, Tucson US-AZ 32.35171, -111.13997",NA,NA,NA,NA,https://ebird.org/checklist/S285975043,NA,NA,eBird,S285975043,5,-111.139975,32.351707
Polioptila caerulea,blue-gray gnatcatcher,Aves,Birds,2025-11-29,Saguaro NP--East--Loma Alta Trails,NA,NA,NA,NA,https://ebird.org/checklist/S286677369,NA,NA,eBird,S286677369,1,-110.6741066,32.1420559
Polioptila caerulea,blue-gray gnatcatcher,Aves,Birds,2025-11-28,Saguaro NP--East--Cactus Forest North Trailhead,NA,NA,NA,NA,https://ebird.org/checklist/S286549692,NA,NA,eBird,S286549692,3,-110.7217595,32.1995255
Encelia farinosa,brittlebush,Plantae,Plants,2025-11-26,"Pima County, AZ, USA",5,roomthily,442615,false,https://www.inaturalist.org/observations/328796926,https://inaturalist-open-data.s3.amazonaws.com/photos/595876108/medium.jpg,CC-BY-NC,iNaturalist,NA,1,-110.6694194444,32.2187777778
Encelia farinosa,brittlebush,Plantae,Plants,2025-11-26,"Pima County, AZ, USA",5,roomthily,442615,false,https://www.inaturalist.org/observations/328796895,https://inaturalist-open-data.s3.amazonaws.com/photos/595875505/medium.jpg,CC-BY-NC,iNaturalist,NA,1,-110.6736444444,32.2310361111
Encelia farinosa,brittlebush,Plantae,Plants,2025-11-26,"Pima County, AZ, USA",5,roomthily,442615,false,https://www.inaturalist.org/observations/328796874,https://inaturalist-open-data.s3.amazonaws.com/photos/595875062/medium.jpg,CC-BY-NC,iNaturalist,NA,1,-110.6807638889,32.2334861111
Encelia farinosa,brittlebush,Plantae,Plants,2025-11-27,"Gould Mine Trail, Tucson, AZ, US",4,phoenix_66,5416176,false,https://www.inaturalist.org/observations/328568347,https://inaturalist-open-data.s3.amazonaws.com/photos/595418674/medium.jpg,CC-BY-NC,iNaturalist,NA,1,-111.1690817018,32.2550675852
Cynanthus latirostris,broad-billed hummingbird,Aves,Birds,2025-11-27,Saguaro NP--East--Douglas Spring Trail,NA,NA,NA,NA,https://ebird.org/checklist/S286390636,NA,NA,eBird,S286390636,2,-110.6854404,32.2348945
Stephanomeria pauciflora,brownplume wirelettuce,Plantae,Plants,2025-11-26,"Pima County, AZ, USA",5,roomthily,442615,false,https://www.inaturalist.org/observations/328796910,https://inaturalist-open-data.s3.amazonaws.com/photos/595875733/medium.jpg,CC-BY-NC,iNaturalist,NA,1,-110.6579277778,32.2258694444
Encelia frutescens,button brittlebush,Plantae,Plants,2025-11-27,Tucson,4,larea,8428309,false,https://www.inaturalist.org/observations/328497516,https://inaturalist-open-data.s3.amazonaws.com/photos/595272776/medium.jpg,CC-BY-NC,iNaturalist,NA,1,-110.7289657593,32.2176132202
Campylorhynchus brunneicapillus,cactus wren,Aves,Birds,2025-11-30,Saguaro NP--East--Freeman Homestead Trail,NA,NA,NA,NA,https://ebird.org/checklist/S286815464,NA,NA,eBird,S286815464,1,-110.7291734,32.1612133
Campylorhynchus brunneicapillus,cactus wren,Aves,Birds,2025-11-29,Saguaro NP--East--Bridal Wreath Falls,NA,NA,NA,NA,https://ebird.org/checklist/S286716383,NA,NA,eBird,S286716383,1,-110.6506759,32.2274054
Campylorhynchus brunneicapillus,cactus wren,Aves,Birds,2025-11-29,Saguaro NP--East--Javelina Picnic Area,NA,NA,NA,NA,https://ebird.org/checklist/S286843654,NA,NA,eBird,S286843654,1,-110.7236373,32.1657012
Campylorhynchus brunneicapillus,cactus wren,Aves,Birds,2025-11-29,Saguaro NP--West--watering hole,NA,NA,NA,NA,https://ebird.org/checklist/S286718481,NA,NA,eBird,S286718481,1,-111.2022467,32.2558369
Campylorhynchus brunneicapillus,cactus wren,Aves,Birds,2025-11-29,"Panther Peak trail, Saguaro NP(West), Tucson US-AZ",NA,NA,NA,NA,https://ebird.org/checklist/S286706524,NA,NA,eBird,S286706524,1,-111.164537,32.345804
Campylorhynchus brunneicapillus,cactus wren,Aves,Birds,2025-11-29,Saguaro NP--East--Loma Alta Trails,NA,NA,NA,NA,https://ebird.org/checklist/S286677205,NA,NA,eBird,S286677205,3,-110.6741066,32.1420559
Campylorhynchus brunneicapillus,cactus wren,Aves,Birds,2025-11-28,Saguaro NP--West--Ez-Kim-In-Zin Picnic Area,NA,NA,NA,NA,https://ebird.org/checklist/S286628104,NA,NA,eBird,S286628104,1,-111.1693963,32.2856157
Campylorhynchus brunneicapillus,cactus wren,Aves,Birds,2025-11-27,Saguaro NP--East--Douglas Spring Trail,NA,NA,NA,NA,https://ebird.org/checklist/S286390636,NA,NA,eBird,S286390636,1,-110.6854404,32.2348945
Campylorhynchus brunneicapillus,cactus wren,Aves,Birds,2025-11-26,Saguaro National Park West - Nana and Bob's house,NA,NA,NA,NA,https://ebird.org/checklist/S286235671,NA,NA,eBird,S286235671,2,-111.1050191,32.3060989
Campylorhynchus brunneicapillus,cactus wren,Aves,Birds,2025-11-25,Saguaro NP--West--Cam-Boh Trail,NA,NA,NA,NA,https://ebird.org/checklist/S286134634,NA,NA,eBird,S286134634,1,-111.1659926,32.3192677
Campylorhynchus brunneicapillus,cactus wren,Aves,Birds,2025-11-25,Saguaro NP--East--Mica View,NA,NA,NA,NA,https://ebird.org/checklist/S286126452,NA,NA,eBird,S286126452,1,-110.7246381,32.2111462
Campylorhynchus brunneicapillus,cactus wren,Aves,Birds,2025-11-24,"Scenic Trail, Tucson US-AZ 32.35171, -111.13997",NA,NA,NA,NA,https://ebird.org/checklist/S285975043,NA,NA,eBird,S285975043,2,-111.139975,32.351707
Rumex hymenosepalus,canaigre dock,Plantae,Plants,2025-11-27,Tucson,6,larea,8428309,false,https://www.inaturalist.org/observations/328506264,https://inaturalist-open-data.s3.amazonaws.com/photos/595291845/medium.jpg,CC-BY-NC,iNaturalist,NA,1,-110.7226409912,32.2094917297
Melozone fusca,canyon towhee,Aves,Birds,2025-11-30,Saguaro NP--East--Loma Alta Trails,NA,NA,NA,NA,https://ebird.org/checklist/S286833062,NA,NA,eBird,S286833062,1,-110.6741066,32.1420559
Melozone fusca,canyon towhee,Aves,Birds,2025-11-29,Saguaro NP--East--Bridal Wreath Falls,NA,NA,NA,NA,https://ebird.org/checklist/S286716383,NA,NA,eBird,S286716383,3,-110.6506759,32.2274054
Melozone fusca,canyon towhee,Aves,Birds,2025-11-29,Saguaro NP--East--Javelina Picnic Area,NA,NA,NA,NA,https://ebird.org/checklist/S286843654,NA,NA,eBird,S286843654,1,-110.7236373,32.1657012
Melozone fusca,canyon towhee,Aves,Birds,2025-11-27,Saguaro NP--East--Douglas Spring Trail,NA,NA,NA,NA,https://ebird.org/checklist/S286390636,NA,NA,eBird,S286390636,1,-110.6854404,32.2348945
Melozone fusca,canyon towhee,Aves,Birds,2025-11-25,Saguaro NP--East--Cactus Forest Dr Loop,NA,NA,NA,NA,https://ebird.org/checklist/S286143650,NA,NA,eBird,S286143650,1,-110.7076505,32.191219
Melozone fusca,canyon towhee,Aves,Birds,2025-11-24,"Scenic Trail, Tucson US-AZ 32.35171, -111.13997",NA,NA,NA,NA,https://ebird.org/checklist/S285975043,NA,NA,eBird,S285975043,2,-111.139975,32.351707
Catherpes mexicanus,canyon wren,Aves,Birds,2025-11-24,"Scenic Trail, Tucson US-AZ 32.35171, -111.13997",NA,NA,NA,NA,https://ebird.org/checklist/S285975043,NA,NA,eBird,S285975043,1,-111.139975,32.351707
Hemiargus ceraunus,ceraunus blue,Insecta,Insects,2025-11-26,"Pima County, AZ, USA",552,roomthily,442615,false,https://www.inaturalist.org/observations/328432149,https://inaturalist-open-data.s3.amazonaws.com/photos/595136879/medium.jpg,CC-BY-NC,iNaturalist,NA,1,-110.6750204444,32.2173914052
Hemiargus ceraunus,ceraunus blue,Insecta,Insects,2025-11-26,"Pima County, AZ, USA",263,roomthily,442615,false,https://www.inaturalist.org/observations/328432080,https://inaturalist-open-data.s3.amazonaws.com/photos/595134049/medium.jpg,CC-BY-NC,iNaturalist,NA,1,-110.661127161,32.227585500000004
Hemiargus ceraunus,ceraunus blue,Insecta,Insects,2025-11-26,"Pima County, AZ, USA",171,roomthily,442615,false,https://www.inaturalist.org/observations/328432060,https://inaturalist-open-data.s3.amazonaws.com/photos/595132732/medium.jpg,CC-BY-NC,iNaturalist,NA,1,-110.6687166694,32.2272083175
Cylindropuntia fulgida,chain-fruit cholla,Plantae,Plants,2025-11-27,"Sendero Esperanza Trail, Tucson, AZ, US",2,phoenix_66,5416176,false,https://www.inaturalist.org/observations/328568414,https://inaturalist-open-data.s3.amazonaws.com/photos/595418810/medium.jpg,CC-BY-NC,iNaturalist,NA,1,-111.1595722452,32.2572520666
Cylindropuntia fulgida,chain-fruit cholla,Plantae,Plants,2025-11-27,Tucson,7,schlegal1,4213170,false,https://www.inaturalist.org/observations/328520854,https://inaturalist-open-data.s3.amazonaws.com/photos/595320724/medium.jpg,CC-BY-NC,iNaturalist,NA,1,-110.7314605713,32.1687736511
Pontia protodice,checkered white,Insecta,Insects,2025-11-29,"Coyote Wash Trail, Saguaro National Park, Pima County, AZ, USA",NA,pauls_tucson,2397809,false,https://www.inaturalist.org/observations/328981294,https://inaturalist-open-data.s3.amazonaws.com/photos/596246623/medium.jpg,CC-BY-NC,iNaturalist,NA,1,-110.683044,32.1243669999
Pectis papposa,chinchweed,Plantae,Plants,2025-11-27,Tucson,17,larea,8428309,false,https://www.inaturalist.org/observations/328503595,https://inaturalist-open-data.s3.amazonaws.com/photos/595285332/medium.jpg,CC-BY-NC,iNaturalist,NA,1,-110.726234436,32.2033157349
Spizella passerina,chipping sparrow,Aves,Birds,2025-11-29,Saguaro NP--East--Bridal Wreath Falls,NA,NA,NA,NA,https://ebird.org/checklist/S286716383,NA,NA,eBird,S286716383,33,-110.6506759,32.2274054
Spizella passerina,chipping sparrow,Aves,Birds,2025-11-27,Saguaro NP--East--Mica View,NA,NA,NA,NA,https://ebird.org/checklist/S286382261,NA,NA,eBird,S286382261,1,-110.7246381,32.2111462
Cylindropuntia leptocaulis,christmas cholla,Plantae,Plants,2025-11-30,"Tucson, AZ 85730, USA",4,doug63750,9991593,false,https://www.inaturalist.org/observations/328943329,https://inaturalist-open-data.s3.amazonaws.com/photos/596174336/medium.jpg,CC-BY-NC,iNaturalist,NA,1,-110.68377181,32.22946737
Cylindropuntia leptocaulis,christmas cholla,Plantae,Plants,2025-11-25,"Desert Ecology Trail, Tucson, AZ, US",2,naldonas,9674949,false,https://www.inaturalist.org/observations/328257086,https://inaturalist-open-data.s3.amazonaws.com/photos/594786885/medium.jpg,CC-BY-NC,iNaturalist,NA,1,-110.7243283333,32.2046583333
Corvus corax,common raven,Aves,Birds,2025-11-30,Saguaro NP--East--Rincon Mountain Visitor Center (not Cactus Loop Dr.),NA,NA,NA,NA,https://ebird.org/checklist/S286853808,NA,NA,eBird,S286853808,2,-110.7363725,32.180053
Corvus corax,common raven,Aves,Birds,2025-11-30,Saguaro NP--East--Loma Alta Trails,NA,NA,NA,NA,https://ebird.org/checklist/S286833062,NA,NA,eBird,S286833062,2,-110.6741066,32.1420559
Corvus corax,common raven,Aves,Birds,2025-11-29,Saguaro NP--East--Javelina Picnic Area,NA,NA,NA,NA,https://ebird.org/checklist/S286843654,NA,NA,eBird,S286843654,1,-110.7236373,32.1657012
Corvus corax,common raven,Aves,Birds,2025-11-29,Saguaro NP--East--Bridal Wreath Falls,NA,NA,NA,NA,https://ebird.org/checklist/S286716383,NA,NA,eBird,S286716383,4,-110.6506759,32.2274054
Corvus corax,common raven,Aves,Birds,2025-11-29,Saguaro NP--East--Douglas Spring Trail,NA,NA,NA,NA,https://ebird.org/checklist/S286843407,NA,NA,eBird,S286843407,2,-110.6854404,32.2348945
Corvus corax,common raven,Aves,Birds,2025-11-29,"Panther Peak trail, Saguaro NP(West), Tucson US-AZ",NA,NA,NA,NA,https://ebird.org/checklist/S286706524,NA,NA,eBird,S286706524,2,-111.164537,32.345804
Corvus corax,common raven,Aves,Birds,2025-11-28,"3693 South Old Spanish Trail, Tucson, Arizona, US (32.197, -110.706)",NA,NA,NA,NA,https://ebird.org/checklist/S286713058,NA,NA,eBird,S286713058,8,-110.705763,32.1966244
Corvus corax,common raven,Aves,Birds,2025-11-26,Saguaro National Park West - Nana and Bob's house,NA,NA,NA,NA,https://ebird.org/checklist/S286235671,NA,NA,eBird,S286235671,1,-111.1050191,32.3060989
Corvus corax,common raven,Aves,Birds,2025-11-24,Saguaro NP--West--Valley View Overlook Trail,NA,NA,NA,NA,https://ebird.org/checklist/S285987856,NA,NA,eBird,S285987856,2,-111.197789,32.2770486
Corvus corax,common raven,Aves,Birds,2025-11-24,"Cactus Forest Trail, Tucson US-AZ 32.19972, -110.72143",NA,NA,NA,NA,https://ebird.org/checklist/S286030449,NA,NA,eBird,S286030449,1,-110.721426,32.199725
Corvus corax,common raven,Aves,Birds,2025-11-24,"Scenic Trail, Tucson US-AZ 32.35171, -111.13997",NA,NA,NA,NA,https://ebird.org/checklist/S285975043,NA,NA,eBird,S285975043,1,-111.139975,32.351707
Hippodamia convergens,convergent lady beetle,Insecta,Insects,2025-11-26,"Pima County, AZ, USA",196,roomthily,442615,false,https://www.inaturalist.org/observations/328432174,https://inaturalist-open-data.s3.amazonaws.com/photos/595137321/medium.jpg,CC-BY-NC,iNaturalist,NA,1,-110.6841935992,32.2108847498
Hippodamia convergens,convergent lady beetle,Insecta,Insects,2025-11-26,"Pima County, AZ, USA",552,roomthily,442615,false,https://www.inaturalist.org/observations/328432154,https://inaturalist-open-data.s3.amazonaws.com/photos/595136971/medium.jpg,CC-BY-NC,iNaturalist,NA,1,-110.6750204444,32.2173914052
Astur cooperii,cooper's hawk,Aves,Birds,2025-11-29,Saguaro NP--East--Loma Alta Trails,NA,NA,NA,NA,https://ebird.org/checklist/S286677205,NA,NA,eBird,S286677205,1,-110.6741066,32.1420559
Calypte costae,costa's hummingbird,Aves,Birds,2025-11-30,Saguaro NP--East--Freeman Homestead Trail,NA,NA,NA,NA,https://ebird.org/checklist/S286815464,NA,NA,eBird,S286815464,1,-110.7291734,32.1612133
Calypte costae,costa's hummingbird,Aves,Birds,2025-11-27,Saguaro National Park West - Nana and Bob's house,NA,NA,NA,NA,https://ebird.org/checklist/S286382829,NA,NA,eBird,S286382829,NA,-111.1050191,32.3060989
Calypte costae,costa's hummingbird,Aves,Birds,2025-11-24,"Scenic Trail, Tucson US-AZ 32.35171, -111.13997",NA,NA,NA,NA,https://ebird.org/checklist/S285975043,NA,NA,eBird,S285975043,1,-111.139975,32.351707
Senna covesii,coues' senna,Plantae,Plants,2025-11-26,"Pima County, AZ, USA",5,roomthily,442615,false,https://www.inaturalist.org/observations/328796933,https://inaturalist-open-data.s3.amazonaws.com/photos/595876326/medium.jpg,CC-BY-NC,iNaturalist,NA,1,-110.6838222222,32.2120055556
Brickellia coulteri,coulter's brickellbush,Plantae,Plants,2025-11-26,"Pima County, AZ, USA",5,roomthily,442615,false,https://www.inaturalist.org/observations/328796924,https://inaturalist-open-data.s3.amazonaws.com/photos/595876024/medium.jpg,CC-BY-NC,iNaturalist,NA,1,-110.667375,32.2197194444
Brickellia coulteri,coulter's brickellbush,Plantae,Plants,2025-11-26,"Pima County, AZ, USA",5,roomthily,442615,false,https://www.inaturalist.org/observations/328796893,https://inaturalist-open-data.s3.amazonaws.com/photos/595875418/medium.jpg,CC-BY-NC,iNaturalist,NA,1,-110.6742777778,32.2320944444
Brickellia coulteri,coulter's brickellbush,Plantae,Plants,2025-11-27,Tucson,9,larea,8428309,false,https://www.inaturalist.org/observations/328504937,https://inaturalist-open-data.s3.amazonaws.com/photos/595288250/medium.jpg,CC-BY-NC,iNaturalist,NA,1,-110.7239379883,32.2064590454
Verbesina encelioides,cowpen daisy,Plantae,Plants,2025-11-27,Tucson,5,larea,8428309,false,https://www.inaturalist.org/observations/328504468,https://inaturalist-open-data.s3.amazonaws.com/photos/595287230/medium.jpg,CC-BY-NC,iNaturalist,NA,1,-110.7240219116,32.2060241699
Larrea tridentata,creosote bush,Plantae,Plants,2025-11-29,"Tucson, AZ 85748, USA",NA,tapaculo99,20957,false,https://www.inaturalist.org/observations/328844956,https://inaturalist-open-data.s3.amazonaws.com/photos/595976096/medium.jpg,CC-BY-NC,iNaturalist,NA,1,-110.6867388889,32.2351444444
Larrea tridentata,creosote bush,Plantae,Plants,2025-11-26,"Pima County, AZ, USA",5,roomthily,442615,false,https://www.inaturalist.org/observations/328796865,https://inaturalist-open-data.s3.amazonaws.com/photos/595874816/medium.jpg,CC-BY-NC,iNaturalist,NA,1,-110.684975,32.2345
Larrea tridentata,creosote bush,Plantae,Plants,2025-11-29,"Oshrin Park, Marana, AZ, USA",3,drew23892,9157906,false,https://www.inaturalist.org/observations/328780790,https://inaturalist-open-data.s3.amazonaws.com/photos/595846764/medium.jpg,CC-BY-NC,iNaturalist,NA,1,-111.12572752,32.28192315
Larrea tridentata,creosote bush,Plantae,Plants,2025-11-26,"Saguaro National Park - Tucson Mountain District, Tucson, AZ, US",3,ldzu,9400859,false,https://www.inaturalist.org/observations/328392015,https://inaturalist-open-data.s3.amazonaws.com/photos/596212336/medium.jpg,CC-BY-NC,iNaturalist,NA,1,-111.1254710612,32.3282110412
Larrea tridentata,creosote bush,Plantae,Plants,2025-11-25,"Cactus Forest Dr, Tucson, AZ, US",10,naldonas,9674949,false,https://www.inaturalist.org/observations/328257797,https://inaturalist-open-data.s3.amazonaws.com/photos/594788251/medium.jpg,CC-BY-NC,iNaturalist,NA,1,-110.7311633333,32.1881366667
Larrea tridentata,creosote bush,Plantae,Plants,2025-11-24,Tucson,117,stevenjameswade,6223012,false,https://www.inaturalist.org/observations/328078837,https://inaturalist-open-data.s3.amazonaws.com/photos/594432158/medium.jpg,CC-BY-NC-ND,iNaturalist,NA,1,-110.7220230103,32.2137413025
Toxostoma curvirostre,curve-billed thrasher,Aves,Birds,2025-11-30,Saguaro NP--East--Freeman Homestead Trail,NA,NA,NA,NA,https://ebird.org/checklist/S286815464,NA,NA,eBird,S286815464,2,-110.7291734,32.1612133
Toxostoma curvirostre,curve-billed thrasher,Aves,Birds,2025-11-30,Saguaro NP--East--Douglas Spring Trail,NA,NA,NA,NA,https://ebird.org/checklist/S286815874,NA,NA,eBird,S286815874,2,-110.6854404,32.2348945
Toxostoma curvirostre,curve-billed thrasher,Aves,Birds,2025-11-29,Saguaro NP--East--Javelina Picnic Area,NA,NA,NA,NA,https://ebird.org/checklist/S286843654,NA,NA,eBird,S286843654,1,-110.7236373,32.1657012
Toxostoma curvirostre,curve-billed thrasher,Aves,Birds,2025-11-29,Saguaro NP--West--watering hole,NA,NA,NA,NA,https://ebird.org/checklist/S286718481,NA,NA,eBird,S286718481,1,-111.2022467,32.2558369
Toxostoma curvirostre,curve-billed thrasher,Aves,Birds,2025-11-29,"Panther Peak trail, Saguaro NP(West), Tucson US-AZ",NA,NA,NA,NA,https://ebird.org/checklist/S286706524,NA,NA,eBird,S286706524,3,-111.164537,32.345804
Toxostoma curvirostre,curve-billed thrasher,Aves,Birds,2025-11-29,Saguaro NP--East--Loma Alta Trails,NA,NA,NA,NA,https://ebird.org/checklist/S286677414,NA,NA,eBird,S286677414,1,-110.6741066,32.1420559
Toxostoma curvirostre,curve-billed thrasher,Aves,Birds,2025-11-28,"3693 South Old Spanish Trail, Tucson, Arizona, US (32.197, -110.706)",NA,NA,NA,NA,https://ebird.org/checklist/S286713058,NA,NA,eBird,S286713058,1,-110.705763,32.1966244
Toxostoma curvirostre,curve-billed thrasher,Aves,Birds,2025-11-26,Saguaro National Park West - Nana and Bob's house,NA,NA,NA,NA,https://ebird.org/checklist/S286235671,NA,NA,eBird,S286235671,8,-111.1050191,32.3060989
Toxostoma curvirostre,curve-billed thrasher,Aves,Birds,2025-11-25,Saguaro NP--West--Picture Rocks Trail,NA,NA,NA,NA,https://ebird.org/checklist/S286151523,NA,NA,eBird,S286151523,1,-111.1305633,32.3277558
Toxostoma curvirostre,curve-billed thrasher,Aves,Birds,2025-11-25,Saguaro NP--East--Cactus Forest Dr Loop,NA,NA,NA,NA,https://ebird.org/checklist/S286143650,NA,NA,eBird,S286143650,1,-110.7076505,32.191219
Toxostoma curvirostre,curve-billed thrasher,Aves,Birds,2025-11-25,Saguaro NP--West--Desert Discovery Trail,NA,NA,NA,NA,https://ebird.org/checklist/S286409778,NA,NA,eBird,S286409778,1,-111.2106575,32.2625304
Toxostoma curvirostre,curve-billed thrasher,Aves,Birds,2025-11-25,Saguaro NP--West--Cam-Boh Trail,NA,NA,NA,NA,https://ebird.org/checklist/S286134634,NA,NA,eBird,S286134634,1,-111.1659926,32.3192677
Toxostoma curvirostre,curve-billed thrasher,Aves,Birds,2025-11-24,Saguaro NP--West--Valley View Overlook Trail,NA,NA,NA,NA,https://ebird.org/checklist/S285987856,NA,NA,eBird,S285987856,1,-111.197789,32.2770486
Toxostoma curvirostre,curve-billed thrasher,Aves,Birds,2025-11-24,"Scenic Trail, Tucson US-AZ 32.35171, -111.13997",NA,NA,NA,NA,https://ebird.org/checklist/S285975043,NA,NA,eBird,S285975043,7,-111.139975,32.351707
Nathalis iole,dainty sulphur,Insecta,Insects,2025-11-29,"Hope Camp Trail, Saguaro National Park, Pima County, AZ, USA",NA,pauls_tucson,2397809,false,https://www.inaturalist.org/observations/328981293,https://inaturalist-open-data.s3.amazonaws.com/photos/596246617/medium.jpg,CC-BY-NC,iNaturalist,NA,1,-110.680244,32.138988
Nathalis iole,dainty sulphur,Insecta,Insects,2025-11-29,"Tucson, AZ 85745, USA",NA,drew23892,9157906,false,https://www.inaturalist.org/observations/328918960,https://inaturalist-open-data.s3.amazonaws.com/photos/596125322/medium.jpg,CC-BY-NC,iNaturalist,NA,1,-111.1242452997,32.2837986997
Nathalis iole,dainty sulphur,Insecta,Insects,2025-11-29,"Saguaro National Park - Tucson Mountain District, Tucson, AZ, US",7,gbodner,255108,false,https://www.inaturalist.org/observations/328864996,https://inaturalist-open-data.s3.amazonaws.com/photos/596017187/medium.jpg,CC-BY-NC,iNaturalist,NA,1,-111.1263195,32.3189716667
Nathalis iole,dainty sulphur,Insecta,Insects,2025-11-29,"Tucson, AZ 85730, USA",NA,tapaculo99,20957,false,https://www.inaturalist.org/observations/328845009,https://inaturalist-open-data.s3.amazonaws.com/photos/595976160/medium.jpg,CC-BY-NC,iNaturalist,NA,1,-110.6812222222,32.2334555556
Nathalis iole,dainty sulphur,Insecta,Insects,2025-11-26,"Pima County, AZ, USA",402,roomthily,442615,false,https://www.inaturalist.org/observations/328432198,https://inaturalist-open-data.s3.amazonaws.com/photos/595138012/medium.jpg,CC-BY-NC,iNaturalist,NA,1,-110.6851975196,32.2347370356
Nathalis iole,dainty sulphur,Insecta,Insects,2025-11-26,"Pima County, AZ, USA",889,roomthily,442615,false,https://www.inaturalist.org/observations/328432189,https://inaturalist-open-data.s3.amazonaws.com/photos/595137991/medium.jpg,CC-BY-NC,iNaturalist,NA,1,-110.6845047355,32.2264938998
Nathalis iole,dainty sulphur,Insecta,Insects,2025-11-26,"Pima County, AZ, USA",196,roomthily,442615,false,https://www.inaturalist.org/observations/328432171,https://inaturalist-open-data.s3.amazonaws.com/photos/595137279/medium.jpg,CC-BY-NC,iNaturalist,NA,1,-110.6841935992,32.2108847498
Nathalis iole,dainty sulphur,Insecta,Insects,2025-11-26,"Pima County, AZ, USA",552,roomthily,442615,false,https://www.inaturalist.org/observations/328432146,https://inaturalist-open-data.s3.amazonaws.com/photos/595136823/medium.jpg,CC-BY-NC,iNaturalist,NA,1,-110.6750204444,32.2173914052
Nathalis iole,dainty sulphur,Insecta,Insects,2025-11-26,"Pima County, AZ, USA",653,roomthily,442615,false,https://www.inaturalist.org/observations/328432108,https://inaturalist-open-data.s3.amazonaws.com/photos/595135361/medium.jpg,CC-BY-NC,iNaturalist,NA,1,-110.6599002654,32.2236588577
Nathalis iole,dainty sulphur,Insecta,Insects,2025-11-26,"Pima County, AZ, USA",653,roomthily,442615,false,https://www.inaturalist.org/observations/328432103,https://inaturalist-open-data.s3.amazonaws.com/photos/595135228/medium.jpg,CC-BY-NC,iNaturalist,NA,1,-110.6599002654,32.2236588577
Nathalis iole,dainty sulphur,Insecta,Insects,2025-11-26,"Pima County, AZ, USA",317,roomthily,442615,false,https://www.inaturalist.org/observations/328432090,https://inaturalist-open-data.s3.amazonaws.com/photos/595134835/medium.jpg,CC-BY-NC,iNaturalist,NA,1,-110.6586844689,32.2269893326
Nathalis iole,dainty sulphur,Insecta,Insects,2025-11-26,"Saguaro National Park - Rincon Mountain District, Tucson, AZ, US",17,cdkeppel,4975778,false,https://www.inaturalist.org/observations/328428882,https://inaturalist-open-data.s3.amazonaws.com/photos/595132648/medium.jpg,CC-BY-NC,iNaturalist,NA,1,-110.709175,32.2033466667
Nathalis iole,dainty sulphur,Insecta,Insects,2025-11-25,"Saguaro National Park - Rincon Mountain District, Tucson, AZ, US",1230,chiri-cottage,285992,false,https://www.inaturalist.org/observations/328277916,https://inaturalist-open-data.s3.amazonaws.com/photos/594828122/medium.jpg,CC-BY-NC,iNaturalist,NA,1,-110.7276765258,32.2147250036
Junco hyemalis,dark-eyed junco,Aves,Birds,2025-11-29,Saguaro NP--East--Bridal Wreath Falls,NA,NA,NA,NA,https://ebird.org/checklist/S286716383,NA,NA,eBird,S286716383,2,-110.6506759,32.2274054
Hibiscus coulteri,desert rosemallow,Plantae,Plants,2025-11-29,"Tucson, AZ 85730, USA",NA,tapaculo99,20957,false,https://www.inaturalist.org/observations/328845106,https://inaturalist-open-data.s3.amazonaws.com/photos/595976288/medium.jpg,CC-BY-NC,iNaturalist,NA,1,-110.6717611111,32.2290472222
Zinnia acerosa,desert zinnia,Plantae,Plants,2025-11-27,Tucson,28,larea,8428309,false,https://www.inaturalist.org/observations/328495294,https://inaturalist-open-data.s3.amazonaws.com/photos/595268314/medium.jpg,CC-BY-NC,iNaturalist,NA,1,-110.7274093628,32.2208213806
Zinnia acerosa,desert zinnia,Plantae,Plants,2025-11-26,"Tucson, AZ 85748, USA",470,aadtreher,19419,false,https://www.inaturalist.org/observations/328434508,https://inaturalist-open-data.s3.amazonaws.com/photos/595143610/medium.jpg,CC-BY-NC,iNaturalist,NA,1,-110.7265542448,32.2163530949
Asterocampa leilia,empress leilia,Insecta,Insects,2025-11-26,"Pima County, AZ, USA",171,roomthily,442615,false,https://www.inaturalist.org/observations/328432056,https://inaturalist-open-data.s3.amazonaws.com/photos/595132685/medium.jpg,CC-BY-NC,iNaturalist,NA,1,-110.6687166694,32.2272083175
Asterocampa leilia,empress leilia,Insecta,Insects,2025-11-26,"Pima County, AZ, USA",171,roomthily,442615,false,https://www.inaturalist.org/observations/328432053,https://inaturalist-open-data.s3.amazonaws.com/photos/595132673/medium.jpg,CC-BY-NC,iNaturalist,NA,1,-110.6687166694,32.2272083175
Asterocampa leilia,empress leilia,Insecta,Insects,2025-11-26,"Pima County, AZ, USA",372,roomthily,442615,false,https://www.inaturalist.org/observations/328432040,https://inaturalist-open-data.s3.amazonaws.com/photos/595132527/medium.jpg,CC-BY-NC,iNaturalist,NA,1,-110.6742122982,32.2321235557
Cotinis mutabilis,figeater beetle,Insecta,Insects,2025-11-26,"Saguaro National Park - Tucson Mountain District, Tucson, AZ, US",4,aldanaak,8893181,false,https://www.inaturalist.org/observations/328401185,https://inaturalist-open-data.s3.amazonaws.com/photos/595073577/medium.jpg,CC-BY-NC,iNaturalist,NA,1,-111.1683772075,32.265810431
Dasyochloa pulchella,fluffgrass,Plantae,Plants,2025-11-26,"Tucson, AZ 85748, USA",375,aadtreher,19419,false,https://www.inaturalist.org/observations/328386113,https://inaturalist-open-data.s3.amazonaws.com/photos/595043801/medium.jpg,CC-BY-NC,iNaturalist,NA,1,-110.72520677,32.2151798805
Cenchrus setaceus,fountain grass,Plantae,Plants,2025-11-29,"Vail, AZ 85641, USA",NA,tapaculo99,20957,false,https://www.inaturalist.org/observations/328845297,https://inaturalist-open-data.s3.amazonaws.com/photos/595976643/medium.jpg,CC-BY-NC,iNaturalist,NA,1,-110.6507055556,32.2275555556
Dioprosopa clavata,four-speckled hover fly,Insecta,Insects,2025-11-26,"Pima County, AZ, USA",344,roomthily,442615,false,https://www.inaturalist.org/observations/328432178,https://inaturalist-open-data.s3.amazonaws.com/photos/595137819/medium.jpg,CC-BY-NC,iNaturalist,NA,1,-110.6850014731,32.218294868
Callipepla gambelii,gambel's quail,Aves,Birds,2025-11-29,Saguaro NP--East--Bridal Wreath Falls,NA,NA,NA,NA,https://ebird.org/checklist/S286716383,NA,NA,eBird,S286716383,9,-110.6506759,32.2274054
Callipepla gambelii,gambel's quail,Aves,Birds,2025-11-29,"Panther Peak trail, Saguaro NP(West), Tucson US-AZ",NA,NA,NA,NA,https://ebird.org/checklist/S286706524,NA,NA,eBird,S286706524,4,-111.164537,32.345804
Callipepla gambelii,gambel's quail,Aves,Birds,2025-11-27,Saguaro NP--East--Douglas Spring Trail,NA,NA,NA,NA,https://ebird.org/checklist/S286390636,NA,NA,eBird,S286390636,10,-110.6854404,32.2348945
Callipepla gambelii,gambel's quail,Aves,Birds,2025-11-25,Saguaro NP--West--Cam-Boh Trail,NA,NA,NA,NA,https://ebird.org/checklist/S286134634,NA,NA,eBird,S286134634,11,-111.1659926,32.3192677
Melanerpes uropygialis,gila woodpecker,Aves,Birds,2025-11-30,Saguaro NP Auto Loop,NA,NA,NA,NA,https://ebird.org/checklist/S286880805,NA,NA,eBird,S286880805,1,-110.730829,32.185687
Melanerpes uropygialis,gila woodpecker,Aves,Birds,2025-11-30,Saguaro NP--East--Loma Alta Trails,NA,NA,NA,NA,https://ebird.org/checklist/S286833062,NA,NA,eBird,S286833062,1,-110.6741066,32.1420559
Melanerpes uropygialis,gila woodpecker,Aves,Birds,2025-11-30,Saguaro NP--East--Freeman Homestead Trail,NA,NA,NA,NA,https://ebird.org/checklist/S286815464,NA,NA,eBird,S286815464,3,-110.7291734,32.1612133
Melanerpes uropygialis,gila woodpecker,Aves,Birds,2025-11-30,Saguaro NP--East--Rincon Mountain Visitor Center (not Cactus Loop Dr.),NA,NA,NA,NA,https://ebird.org/checklist/S286801475,NA,NA,eBird,S286801475,1,-110.7363725,32.180053
Melanerpes uropygialis,gila woodpecker,Aves,Birds,2025-11-30,Saguaro NP--East--Douglas Spring Trail,NA,NA,NA,NA,https://ebird.org/checklist/S286815874,NA,NA,eBird,S286815874,2,-110.6854404,32.2348945
Melanerpes uropygialis,gila woodpecker,Aves,Birds,2025-11-29,Saguaro NP--East--Javelina Picnic Area,NA,NA,NA,NA,https://ebird.org/checklist/S286843654,NA,NA,eBird,S286843654,1,-110.7236373,32.1657012
Melanerpes uropygialis,gila woodpecker,Aves,Birds,2025-11-29,Saguaro NP--East--Bridal Wreath Falls,NA,NA,NA,NA,https://ebird.org/checklist/S286716383,NA,NA,eBird,S286716383,3,-110.6506759,32.2274054
Melanerpes uropygialis,gila woodpecker,Aves,Birds,2025-11-29,Saguaro NP--West--watering hole,NA,NA,NA,NA,https://ebird.org/checklist/S286718481,NA,NA,eBird,S286718481,1,-111.2022467,32.2558369
Melanerpes uropygialis,gila woodpecker,Aves,Birds,2025-11-29,"Panther Peak trail, Saguaro NP(West), Tucson US-AZ",NA,NA,NA,NA,https://ebird.org/checklist/S286706524,NA,NA,eBird,S286706524,2,-111.164537,32.345804
Melanerpes uropygialis,gila woodpecker,Aves,Birds,2025-11-27,Saguaro National Park West - Nana and Bob's house,NA,NA,NA,NA,https://ebird.org/checklist/S286382829,NA,NA,eBird,S286382829,NA,-111.1050191,32.3060989
Melanerpes uropygialis,gila woodpecker,Aves,Birds,2025-11-25,Saguaro NP--East--Cactus Forest South Trailhead,NA,NA,NA,NA,https://ebird.org/checklist/S286149526,NA,NA,eBird,S286149526,1,-110.7287979,32.1704179
Melanerpes uropygialis,gila woodpecker,Aves,Birds,2025-11-25,Saguaro NP--West--Picture Rocks Trail,NA,NA,NA,NA,https://ebird.org/checklist/S286151523,NA,NA,eBird,S286151523,1,-111.1305633,32.3277558
Melanerpes uropygialis,gila woodpecker,Aves,Birds,2025-11-25,Saguaro NP--West--Desert Discovery Trail,NA,NA,NA,NA,https://ebird.org/checklist/S286409778,NA,NA,eBird,S286409778,3,-111.2106575,32.2625304
Melanerpes uropygialis,gila woodpecker,Aves,Birds,2025-11-25,Saguaro NP--West--Cam-Boh Trail,NA,NA,NA,NA,https://ebird.org/checklist/S286134634,NA,NA,eBird,S286134634,3,-111.1659926,32.3192677
Melanerpes uropygialis,gila woodpecker,Aves,Birds,2025-11-24,Saguaro NP--East--Mica View,NA,NA,NA,NA,https://ebird.org/checklist/S285991635,NA,NA,eBird,S285991635,3,-110.7246381,32.2111462
Melanerpes uropygialis,gila woodpecker,Aves,Birds,2025-11-24,"Cactus Forest Trail, Tucson US-AZ 32.19972, -110.72143",NA,NA,NA,NA,https://ebird.org/checklist/S286030449,NA,NA,eBird,S286030449,3,-110.721426,32.199725
Melanerpes uropygialis,gila woodpecker,Aves,Birds,2025-11-24,Saguaro NP--East--Desert Ecology Trail,NA,NA,NA,NA,https://ebird.org/checklist/S285966365,NA,NA,eBird,S285966365,1,-110.724721,32.2035417
Melanerpes uropygialis,gila woodpecker,Aves,Birds,2025-11-24,"Scenic Trail, Tucson US-AZ 32.35171, -111.13997",NA,NA,NA,NA,https://ebird.org/checklist/S285975043,NA,NA,eBird,S285975043,3,-111.139975,32.351707
Colaptes chrysoides,gilded flicker,Aves,Birds,2025-11-29,"Panther Peak trail, Saguaro NP(West), Tucson US-AZ",NA,NA,NA,NA,https://ebird.org/checklist/S286706524,NA,NA,eBird,S286706524,2,-111.164537,32.345804
Colaptes chrysoides,gilded flicker,Aves,Birds,2025-11-29,Saguaro NP--East--Loma Alta Trails,NA,NA,NA,NA,https://ebird.org/checklist/S286677414,NA,NA,eBird,S286677414,1,-110.6741066,32.1420559
Colaptes chrysoides,gilded flicker,Aves,Birds,2025-11-28,"Cactus Forest Drive, Tucson, Arizona, US (32.185, -110.708)",NA,NA,NA,NA,https://ebird.org/checklist/S286553006,NA,NA,eBird,S286553006,1,-110.7078063,32.1851678
Colaptes chrysoides,gilded flicker,Aves,Birds,2025-11-27,Saguaro NP--East--Douglas Spring Trail,NA,NA,NA,NA,https://ebird.org/checklist/S286390636,NA,NA,eBird,S286390636,1,-110.6854404,32.2348945
Colaptes chrysoides,gilded flicker,Aves,Birds,2025-11-25,Saguaro National Park West - Nana and Bob's house,NA,NA,NA,NA,https://ebird.org/checklist/S286137171,NA,NA,eBird,S286137171,1,-111.1050191,32.3060989
Colaptes chrysoides,gilded flicker,Aves,Birds,2025-11-24,"Scenic Trail, Tucson US-AZ 32.35171, -111.13997",NA,NA,NA,NA,https://ebird.org/checklist/S285975043,NA,NA,eBird,S285975043,2,-111.139975,32.351707
Cochemiea grahamii,graham's nipple cactus,Plantae,Plants,2025-11-29,"Tucson, AZ 85748, USA",NA,tapaculo99,20957,false,https://www.inaturalist.org/observations/328844964,https://inaturalist-open-data.s3.amazonaws.com/photos/595976116/medium.jpg,CC-BY-NC,iNaturalist,NA,1,-110.6866805556,32.2351666667
Cochemiea grahamii,graham's nipple cactus,Plantae,Plants,2025-11-27,Tucson,7,larea,8428309,false,https://www.inaturalist.org/observations/328497586,https://inaturalist-open-data.s3.amazonaws.com/photos/595275208/medium.jpg,CC-BY-NC,iNaturalist,NA,1,-110.7289199829,32.2174987793
Cochemiea grahamii,graham's nipple cactus,Plantae,Plants,2025-11-26,"Tucson, AZ 85748, USA",399,aadtreher,19419,false,https://www.inaturalist.org/observations/328385388,https://inaturalist-open-data.s3.amazonaws.com/photos/595042333/medium.jpg,CC-BY-NC,iNaturalist,NA,1,-110.7253331691,32.214063951200004
Junonia grisea,gray buckeye,Insecta,Insects,2025-11-27,"Pima County, AZ, USA",NA,ronbinature,7913441,false,https://www.inaturalist.org/observations/328688732,https://inaturalist-open-data.s3.amazonaws.com/photos/595661143/medium.jpg,CC-BY-NC,iNaturalist,NA,1,-110.69104,32.214474
Strymon melinus,gray hairstreak,Insecta,Insects,2025-11-26,"Pima County, AZ, USA",815,roomthily,442615,false,https://www.inaturalist.org/observations/328432122,https://inaturalist-open-data.s3.amazonaws.com/photos/595135987/medium.jpg,CC-BY-NC,iNaturalist,NA,1,-110.6696627263,32.2186410113
Bubo virginianus,great horned owl,Aves,Birds,2025-11-29,Saguaro National Park West - Nana and Bob's house,NA,NA,NA,NA,https://ebird.org/checklist/S286579274,NA,NA,eBird,S286579274,2,-111.1050191,32.3060989
Archilestes grandis,great spreadwing,Insecta,Insects,2025-11-26,"Pima County, AZ, USA",196,roomthily,442615,false,https://www.inaturalist.org/observations/328432175,https://inaturalist-open-data.s3.amazonaws.com/photos/595137350/medium.jpg,CC-BY-NC,iNaturalist,NA,1,-110.6841935992,32.2108847498
Geococcyx californianus,greater roadrunner,Aves,Birds,2025-11-29,Saguaro NP--East--Loma Alta Trails,NA,NA,NA,NA,https://ebird.org/checklist/S286677369,NA,NA,eBird,S286677369,1,-110.6741066,32.1420559
Pipilo chlorurus,green-tailed towhee,Aves,Birds,2025-11-29,Saguaro NP--East--Loma Alta Trails,NA,NA,NA,NA,https://ebird.org/checklist/S286677205,NA,NA,eBird,S286677205,2,-110.6741066,32.1420559
Parabuteo unicinctus,harris's hawk,Aves,Birds,2025-11-29,Saguaro NP--East--Cactus Forest Overlook,NA,NA,NA,NA,https://ebird.org/checklist/S286802259,NA,NA,eBird,S286802259,2,-110.735012,32.198267
Parabuteo unicinctus,harris's hawk,Aves,Birds,2025-11-28,Saguaro NP--East--Cactus Forest North Trailhead,NA,NA,NA,NA,https://ebird.org/checklist/S286549692,NA,NA,eBird,S286549692,4,-110.7217595,32.1995255
Funastrum heterophyllum,hartweg's climbing milkweed,Plantae,Plants,2025-11-27,"Tucson, AZ 85730, USA",483,aadtreher,19419,false,https://www.inaturalist.org/observations/328680822,https://inaturalist-open-data.s3.amazonaws.com/photos/595644275/medium.jpg,CC-BY-NC,iNaturalist,NA,1,-110.6810737029,32.2311939713
Funastrum heterophyllum,hartweg's climbing milkweed,Plantae,Plants,2025-11-27,Tucson,2,larea,8428309,false,https://www.inaturalist.org/observations/328505505,https://inaturalist-open-data.s3.amazonaws.com/photos/595291838/medium.jpg,CC-BY-NC,iNaturalist,NA,1,-110.7235641479,32.2069511414
Catharus guttatus,hermit thrush,Aves,Birds,2025-11-29,Saguaro NP--East--Loma Alta Trails,NA,NA,NA,NA,https://ebird.org/checklist/S286677414,NA,NA,eBird,S286677414,1,-110.6741066,32.1420559
Bowlesia incana,hoary bowlesia,Plantae,Plants,2025-11-29,"Saguaro National Park - Rincon Mountain District, Tucson, AZ, US",20,yams17,558842,false,https://www.inaturalist.org/observations/328811441,https://static.inaturalist.org/photos/595907095/medium.jpg,,iNaturalist,NA,1,-110.6859883333,32.1343500023
Haemorhous mexicanus,house finch,Aves,Birds,2025-11-26,"Pima County, AZ, USA",332,roomthily,442615,false,https://www.inaturalist.org/observations/328432069,https://inaturalist-open-data.s3.amazonaws.com/photos/595133824/medium.jpg,CC-BY-NC,iNaturalist,NA,1,-110.6656282159,32.2280258035
Haemorhous mexicanus,house finch,Aves,Birds,2025-11-30,Saguaro NP--East--Douglas Spring Trail,NA,NA,NA,NA,https://ebird.org/checklist/S286815874,NA,NA,eBird,S286815874,4,-110.6854404,32.2348945
Haemorhous mexicanus,house finch,Aves,Birds,2025-11-29,Saguaro NP--West--Picture Rocks Trail,NA,NA,NA,NA,https://ebird.org/checklist/S286708205,NA,NA,eBird,S286708205,2,-111.1305633,32.3277558
Haemorhous mexicanus,house finch,Aves,Birds,2025-11-29,Saguaro NP--East--Bridal Wreath Falls,NA,NA,NA,NA,https://ebird.org/checklist/S286716383,NA,NA,eBird,S286716383,15,-110.6506759,32.2274054
Haemorhous mexicanus,house finch,Aves,Birds,2025-11-29,"Panther Peak trail, Saguaro NP(West), Tucson US-AZ",NA,NA,NA,NA,https://ebird.org/checklist/S286706524,NA,NA,eBird,S286706524,3,-111.164537,32.345804
Haemorhous mexicanus,house finch,Aves,Birds,2025-11-29,Saguaro NP--East--Loma Alta Trails,NA,NA,NA,NA,https://ebird.org/checklist/S286677291,NA,NA,eBird,S286677291,8,-110.6741066,32.1420559
Haemorhous mexicanus,house finch,Aves,Birds,2025-11-28,"3693 South Old Spanish Trail, Tucson, Arizona, US (32.197, -110.706)",NA,NA,NA,NA,https://ebird.org/checklist/S286713058,NA,NA,eBird,S286713058,2,-110.705763,32.1966244
Haemorhous mexicanus,house finch,Aves,Birds,2025-11-28,Saguaro NP--East--Cactus Forest North Trailhead,NA,NA,NA,NA,https://ebird.org/checklist/S286549692,NA,NA,eBird,S286549692,2,-110.7217595,32.1995255
Haemorhous mexicanus,house finch,Aves,Birds,2025-11-27,Saguaro NP--East--Mica View,NA,NA,NA,NA,https://ebird.org/checklist/S286382261,NA,NA,eBird,S286382261,1,-110.7246381,32.2111462
Haemorhous mexicanus,house finch,Aves,Birds,2025-11-26,Saguaro National Park West - Nana and Bob's house,NA,NA,NA,NA,https://ebird.org/checklist/S286235671,NA,NA,eBird,S286235671,8,-111.1050191,32.3060989
Haemorhous mexicanus,house finch,Aves,Birds,2025-11-25,Saguaro NP--West--Cam-Boh Trail,NA,NA,NA,NA,https://ebird.org/checklist/S286134634,NA,NA,eBird,S286134634,2,-111.1659926,32.3192677
Haemorhous mexicanus,house finch,Aves,Birds,2025-11-24,"Scenic Trail, Tucson US-AZ 32.35171, -111.13997",NA,NA,NA,NA,https://ebird.org/checklist/S285975043,NA,NA,eBird,S285975043,6,-111.139975,32.351707
Ipomoea hederacea,ivy-leaved morning-glory,Plantae,Plants,2025-11-26,"Pima County, AZ, USA",5,roomthily,442615,false,https://www.inaturalist.org/observations/328796896,https://inaturalist-open-data.s3.amazonaws.com/photos/595875525/medium.jpg,CC-BY-NC,iNaturalist,NA,1,-110.6734611111,32.2303888889
Simmondsia chinensis,jojoba,Plantae,Plants,2025-11-26,"Pima County, AZ, USA",5,roomthily,442615,false,https://www.inaturalist.org/observations/328796883,https://inaturalist-open-data.s3.amazonaws.com/photos/595875246/medium.jpg,CC-BY-NC,iNaturalist,NA,1,-110.6767972222,32.2346527778
Dryobates scalaris,ladder-backed woodpecker,Aves,Birds,2025-11-30,Saguaro NP--East--Loma Alta Trails,NA,NA,NA,NA,https://ebird.org/checklist/S286833062,NA,NA,eBird,S286833062,1,-110.6741066,32.1420559
Dryobates scalaris,ladder-backed woodpecker,Aves,Birds,2025-11-29,Saguaro NP--West--Picture Rocks Trail,NA,NA,NA,NA,https://ebird.org/checklist/S286708205,NA,NA,eBird,S286708205,1,-111.1305633,32.3277558
Dryobates scalaris,ladder-backed woodpecker,Aves,Birds,2025-11-29,Saguaro NP--East--Douglas Spring Trail,NA,NA,NA,NA,https://ebird.org/checklist/S286843407,NA,NA,eBird,S286843407,1,-110.6854404,32.2348945
Dryobates scalaris,ladder-backed woodpecker,Aves,Birds,2025-11-29,"Panther Peak trail, Saguaro NP(West), Tucson US-AZ",NA,NA,NA,NA,https://ebird.org/checklist/S286706524,NA,NA,eBird,S286706524,1,-111.164537,32.345804
Dryobates scalaris,ladder-backed woodpecker,Aves,Birds,2025-11-28,"3693 South Old Spanish Trail, Tucson, Arizona, US (32.197, -110.706)",NA,NA,NA,NA,https://ebird.org/checklist/S286713058,NA,NA,eBird,S286713058,1,-110.705763,32.1966244
Dryobates scalaris,ladder-backed woodpecker,Aves,Birds,2025-11-25,Saguaro NP--East--Cactus Forest South Trailhead,NA,NA,NA,NA,https://ebird.org/checklist/S286149526,NA,NA,eBird,S286149526,1,-110.7287979,32.1704179
Dryobates scalaris,ladder-backed woodpecker,Aves,Birds,2025-11-24,"Cactus Forest Trail, Tucson US-AZ 32.19972, -110.72143",NA,NA,NA,NA,https://ebird.org/checklist/S286030449,NA,NA,eBird,S286030449,2,-110.721426,32.199725
Dryobates scalaris,ladder-backed woodpecker,Aves,Birds,2025-11-24,"Scenic Trail, Tucson US-AZ 32.35171, -111.13997",NA,NA,NA,NA,https://ebird.org/checklist/S285975043,NA,NA,eBird,S285975043,2,-111.139975,32.351707
Asphondylia auripila,large creosote gall midge,Insecta,Insects,2025-11-26,"Tucson, AZ 85748, USA",930,aadtreher,19419,false,https://www.inaturalist.org/observations/328385631,https://inaturalist-open-data.s3.amazonaws.com/photos/595042776/medium.jpg,CC-BY-NC,iNaturalist,NA,1,-110.721148923,32.2090693331
Parkinsonia microphylla,little-leaved palo verde,Plantae,Plants,2025-11-29,"Tucson, AZ 85745, USA",3,drew23892,9157906,false,https://www.inaturalist.org/observations/328780736,https://inaturalist-open-data.s3.amazonaws.com/photos/595846664/medium.jpg,CC-BY-NC,iNaturalist,NA,1,-111.12563201,32.28218207
Lanius ludovicianus,loggerhead shrike,Aves,Birds,2025-11-25,Saguaro NP--West--Desert Discovery Trail,NA,NA,NA,NA,https://ebird.org/checklist/S286409778,NA,NA,eBird,S286409778,1,-111.2106575,32.2625304
Leptotes marina,marine blue,Insecta,Insects,2025-11-26,"Pima County, AZ, USA",196,roomthily,442615,false,https://www.inaturalist.org/observations/328432167,https://inaturalist-open-data.s3.amazonaws.com/photos/595137230/medium.jpg,CC-BY-NC,iNaturalist,NA,1,-110.6841935992,32.2108847498
Leptotes marina,marine blue,Insecta,Insects,2025-11-26,"Pima County, AZ, USA",552,roomthily,442615,false,https://www.inaturalist.org/observations/328432145,https://inaturalist-open-data.s3.amazonaws.com/photos/595136790/medium.jpg,CC-BY-NC,iNaturalist,NA,1,-110.6750204444,32.2173914052
Leptotes marina,marine blue,Insecta,Insects,2025-11-26,"Pima County, AZ, USA",815,roomthily,442615,false,https://www.inaturalist.org/observations/328432133,https://inaturalist-open-data.s3.amazonaws.com/photos/595136141/medium.jpg,CC-BY-NC,iNaturalist,NA,1,-110.6696627263,32.2186410113
Leptotes marina,marine blue,Insecta,Insects,2025-11-26,"Pima County, AZ, USA",317,roomthily,442615,false,https://www.inaturalist.org/observations/328432089,https://inaturalist-open-data.s3.amazonaws.com/photos/595134815/medium.jpg,CC-BY-NC,iNaturalist,NA,1,-110.6586844689,32.2269893326
Leptotes marina,marine blue,Insecta,Insects,2025-11-26,"Pima County, AZ, USA",263,roomthily,442615,false,https://www.inaturalist.org/observations/328432085,https://inaturalist-open-data.s3.amazonaws.com/photos/595134211/medium.jpg,CC-BY-NC,iNaturalist,NA,1,-110.661127161,32.227585500000004
Leptotes marina,marine blue,Insecta,Insects,2025-11-26,"Pima County, AZ, USA",263,roomthily,442615,false,https://www.inaturalist.org/observations/328432081,https://inaturalist-open-data.s3.amazonaws.com/photos/595134150/medium.jpg,CC-BY-NC,iNaturalist,NA,1,-110.661127161,32.227585500000004
Leptotes marina,marine blue,Insecta,Insects,2025-11-26,"Pima County, AZ, USA",171,roomthily,442615,false,https://www.inaturalist.org/observations/328432064,https://inaturalist-open-data.s3.amazonaws.com/photos/595132780/medium.jpg,CC-BY-NC,iNaturalist,NA,1,-110.6687166694,32.2272083175
Leptotes marina,marine blue,Insecta,Insects,2025-11-26,"Pima County, AZ, USA",245,roomthily,442615,false,https://www.inaturalist.org/observations/328432045,https://inaturalist-open-data.s3.amazonaws.com/photos/595132580/medium.jpg,CC-BY-NC,iNaturalist,NA,1,-110.6715855721,32.2285593097
Notonecta,milky backswimmers,Insecta,Insects,2025-11-29,"Vail, AZ 85641, USA",NA,tapaculo99,20957,false,https://www.inaturalist.org/observations/328845320,https://inaturalist-open-data.s3.amazonaws.com/photos/595976678/medium.jpg,CC-BY-NC,iNaturalist,NA,1,-110.6508388889,32.2277777778
Zenaida macroura,mourning dove,Aves,Birds,2025-11-30,Saguaro NP Auto Loop,NA,NA,NA,NA,https://ebird.org/checklist/S286880805,NA,NA,eBird,S286880805,1,-110.730829,32.185687
Zenaida macroura,mourning dove,Aves,Birds,2025-11-29,Saguaro NP--East--Bridal Wreath Falls,NA,NA,NA,NA,https://ebird.org/checklist/S286716383,NA,NA,eBird,S286716383,7,-110.6506759,32.2274054
Zenaida macroura,mourning dove,Aves,Birds,2025-11-29,"Panther Peak trail, Saguaro NP(West), Tucson US-AZ",NA,NA,NA,NA,https://ebird.org/checklist/S286706524,NA,NA,eBird,S286706524,2,-111.164537,32.345804
Zenaida macroura,mourning dove,Aves,Birds,2025-11-29,Saguaro NP--East--Loma Alta Trails,NA,NA,NA,NA,https://ebird.org/checklist/S286677414,NA,NA,eBird,S286677414,1,-110.6741066,32.1420559
Zenaida macroura,mourning dove,Aves,Birds,2025-11-26,Saguaro National Park West - Nana and Bob's house,NA,NA,NA,NA,https://ebird.org/checklist/S286235671,NA,NA,eBird,S286235671,3,-111.1050191,32.3060989
Zenaida macroura,mourning dove,Aves,Birds,2025-11-25,Saguaro NP--East--Cactus Forest Dr Loop,NA,NA,NA,NA,https://ebird.org/checklist/S286143650,NA,NA,eBird,S286143650,2,-110.7076505,32.191219
Baccharis salicifolia,mule fat,Plantae,Plants,2025-11-26,"Pima County, AZ, USA",5,roomthily,442615,false,https://www.inaturalist.org/observations/328796937,https://inaturalist-open-data.s3.amazonaws.com/photos/595876437/medium.jpg,CC-BY-NC,iNaturalist,NA,1,-110.6842583333,32.2108611111
Baccharis salicifolia,mule fat,Plantae,Plants,2025-11-26,"Pima County, AZ, USA",5,roomthily,442615,false,https://www.inaturalist.org/observations/328796932,https://inaturalist-open-data.s3.amazonaws.com/photos/595876295/medium.jpg,CC-BY-NC,iNaturalist,NA,1,-110.6760416667,32.2175472222
Cardinalis cardinalis,northern cardinal,Aves,Birds,2025-11-29,Saguaro NP--East--Bridal Wreath Falls,NA,NA,NA,NA,https://ebird.org/checklist/S286716383,NA,NA,eBird,S286716383,1,-110.6506759,32.2274054
Cardinalis cardinalis,northern cardinal,Aves,Birds,2025-11-27,Saguaro NP--East--Douglas Spring Trail,NA,NA,NA,NA,https://ebird.org/checklist/S286390636,NA,NA,eBird,S286390636,1,-110.6854404,32.2348945
Colaptes auratus,northern flicker,Aves,Birds,2025-11-28,"Cactus Forest Drive, Tucson, Arizona, US (32.185, -110.708)",NA,NA,NA,NA,https://ebird.org/checklist/S286553006,NA,NA,eBird,S286553006,1,-110.7078063,32.1851678
Colaptes auratus,northern flicker,Aves,Birds,2025-11-27,Saguaro National Park West - Nana and Bob's house,NA,NA,NA,NA,https://ebird.org/checklist/S286382829,NA,NA,eBird,S286382829,2,-111.1050191,32.3060989
Colaptes auratus,northern flicker,Aves,Birds,2025-11-27,Saguaro NP--East--Douglas Spring Trail,NA,NA,NA,NA,https://ebird.org/checklist/S286390636,NA,NA,eBird,S286390636,1,-110.6854404,32.2348945
Troglodytes aedon,northern house wren,Aves,Birds,2025-11-29,Saguaro NP--East--Loma Alta Trails,NA,NA,NA,NA,https://ebird.org/checklist/S286677369,NA,NA,eBird,S286677369,1,-110.6741066,32.1420559
Mimus polyglottos,northern mockingbird,Aves,Birds,2025-11-25,Saguaro NP--West--Desert Discovery Trail,NA,NA,NA,NA,https://ebird.org/checklist/S286409778,NA,NA,eBird,S286409778,1,-111.2106575,32.2625304
Fouquieria splendens,ocotillo,Plantae,Plants,2025-11-29,"Tucson, AZ 85730, USA",NA,tapaculo99,20957,false,https://www.inaturalist.org/observations/328845238,https://inaturalist-open-data.s3.amazonaws.com/photos/595976523/medium.jpg,CC-BY-NC,iNaturalist,NA,1,-110.6540972222,32.2279305556
Fouquieria splendens,ocotillo,Plantae,Plants,2025-11-29,"Tucson, AZ 85730, USA",NA,tapaculo99,20957,false,https://www.inaturalist.org/observations/328845033,https://inaturalist-open-data.s3.amazonaws.com/photos/595976202/medium.jpg,CC-BY-NC,iNaturalist,NA,1,-110.6759333333,32.2341222222
Fouquieria splendens,ocotillo,Plantae,Plants,2025-11-26,"Pima County, AZ, USA",5,roomthily,442615,false,https://www.inaturalist.org/observations/328796930,https://inaturalist-open-data.s3.amazonaws.com/photos/595876207/medium.jpg,CC-BY-NC,iNaturalist,NA,1,-110.6726222222,32.2180138889
Fouquieria splendens,ocotillo,Plantae,Plants,2025-11-26,"Pima County, AZ, USA",5,roomthily,442615,false,https://www.inaturalist.org/observations/328796916,https://inaturalist-open-data.s3.amazonaws.com/photos/595875906/medium.jpg,CC-BY-NC,iNaturalist,NA,1,-110.6608111111,32.2233277778
Fouquieria splendens,ocotillo,Plantae,Plants,2025-11-26,"Pima County, AZ, USA",5,roomthily,442615,false,https://www.inaturalist.org/observations/328796903,https://inaturalist-open-data.s3.amazonaws.com/photos/595875661/medium.jpg,CC-BY-NC,iNaturalist,NA,1,-110.6612777778,32.2275611111
Fouquieria splendens,ocotillo,Plantae,Plants,2025-11-27,"Saguaro National Park, Pima County, US-AZ, US",2,phoenix_66,5416176,false,https://www.inaturalist.org/observations/328568388,https://inaturalist-open-data.s3.amazonaws.com/photos/595418759/medium.jpg,CC-BY-NC,iNaturalist,NA,1,-111.1596543129,32.2572492985
Fouquieria splendens,ocotillo,Plantae,Plants,2025-11-26,"Saguaro National Park, Pima County, US-AZ, US",3,aldanaak,8893181,false,https://www.inaturalist.org/observations/328401007,https://inaturalist-open-data.s3.amazonaws.com/photos/595073238/medium.jpg,CC-BY-NC,iNaturalist,NA,1,-111.1724267342,32.2704276676
Fouquieria splendens,ocotillo,Plantae,Plants,2025-11-25,"Cactus Forest Dr, Tucson, AZ, US",10,naldonas,9674949,false,https://www.inaturalist.org/observations/328256586,https://inaturalist-open-data.s3.amazonaws.com/photos/594788237/medium.jpg,CC-BY-NC,iNaturalist,NA,1,-110.73442,32.181125
Porophyllum gracile,odora,Plantae,Plants,2025-11-29,"Tucson, AZ 85730, USA",NA,tapaculo99,20957,false,https://www.inaturalist.org/observations/328845020,https://inaturalist-open-data.s3.amazonaws.com/photos/595976183/medium.jpg,CC-BY-NC,iNaturalist,NA,1,-110.6812222222,32.2334555556
Porophyllum gracile,odora,Plantae,Plants,2025-11-26,"Pima County, AZ, USA",5,roomthily,442615,false,https://www.inaturalist.org/observations/328796870,https://inaturalist-open-data.s3.amazonaws.com/photos/595874943/medium.jpg,CC-BY-NC,iNaturalist,NA,1,-110.6813666667,32.2335138889
Porophyllum gracile,odora,Plantae,Plants,2025-11-26,"Tucson, AZ 85748, USA",428,aadtreher,19419,false,https://www.inaturalist.org/observations/328433886,https://inaturalist-open-data.s3.amazonaws.com/photos/595143229/medium.jpg,CC-BY-NC,iNaturalist,NA,1,-110.7235039026,32.2169473551
Porophyllum gracile,odora,Plantae,Plants,2025-11-25,"Pink Hill Trail, Tucson, AZ, US",176,naldonas,9674949,false,https://www.inaturalist.org/observations/328257757,https://inaturalist-open-data.s3.amazonaws.com/photos/594788197/medium.jpg,CC-BY-NC,iNaturalist,NA,1,-110.7127216667,32.221275
Colias eurytheme,orange sulphur,Insecta,Insects,2025-11-29,"Hope Camp Trail, Saguaro National Park, Pima County, AZ, USA",NA,pauls_tucson,2397809,false,https://www.inaturalist.org/observations/328981289,https://inaturalist-open-data.s3.amazonaws.com/photos/596246594/medium.jpg,CC-BY-NC,iNaturalist,NA,1,-110.6792530001,32.139656
Colias eurytheme,orange sulphur,Insecta,Insects,2025-11-29,"Coyote Wash Trail, Saguaro National Park, Pima County, AZ, USA",NA,pauls_tucson,2397809,false,https://www.inaturalist.org/observations/328981288,https://inaturalist-open-data.s3.amazonaws.com/photos/596246582/medium.jpg,CC-BY-NC,iNaturalist,NA,1,-110.68261,32.13052
Epicauta wheeleri,orange-necked blister beetle,Insecta,Insects,2025-11-25,"Tucson, AZ 85747, USA",NA,brian2445,6730863,false,https://www.inaturalist.org/observations/328230799,https://static.inaturalist.org/photos/594734477/medium.jpg,,iNaturalist,NA,1,-110.6857388889,32.1343972222
Vanessa cardui,painted lady,Insecta,Insects,2025-11-26,"Pima County, AZ, USA",653,roomthily,442615,false,https://www.inaturalist.org/observations/328432099,https://inaturalist-open-data.s3.amazonaws.com/photos/595135020/medium.jpg,CC-BY-NC,iNaturalist,NA,1,-110.6599002654,32.2236588577
Vanessa cardui,painted lady,Insecta,Insects,2025-11-26,"Pima County, AZ, USA",653,roomthily,442615,false,https://www.inaturalist.org/observations/328432095,https://inaturalist-open-data.s3.amazonaws.com/photos/595134936/medium.jpg,CC-BY-NC,iNaturalist,NA,1,-110.6599002654,32.2236588577
Vanessa cardui,painted lady,Insecta,Insects,2025-11-26,"Pima County, AZ, USA",85,roomthily,442615,false,https://www.inaturalist.org/observations/328432065,https://inaturalist-open-data.s3.amazonaws.com/photos/595132802/medium.jpg,CC-BY-NC,iNaturalist,NA,1,-110.6676100892,32.2281055705
Thymophylla pentachaeta,parralena,Plantae,Plants,2025-11-26,"Pima County, AZ, USA",5,roomthily,442615,false,https://www.inaturalist.org/observations/328796904,https://inaturalist-open-data.s3.amazonaws.com/photos/595875684/medium.jpg,CC-BY-NC,iNaturalist,NA,1,-110.6607055556,32.2273138889
Penstemon parryi,parry's beardtongue,Plantae,Plants,2025-11-29,"Ironwood Forest Trail, Tucson, AZ, US",1591,missbeehaven,9587719,false,https://www.inaturalist.org/observations/328821842,https://inaturalist-open-data.s3.amazonaws.com/photos/595927943/medium.jpg,CC-BY-NC,iNaturalist,NA,1,-111.1328973625,32.3116135948
Calliandra eriophylla,pink fairy-duster,Plantae,Plants,2025-11-29,"Tucson, AZ 85730, USA",NA,tapaculo99,20957,false,https://www.inaturalist.org/observations/328845116,https://inaturalist-open-data.s3.amazonaws.com/photos/595976312/medium.jpg,CC-BY-NC,iNaturalist,NA,1,-110.6717416667,32.2289944444
Calliandra eriophylla,pink fairy-duster,Plantae,Plants,2025-11-26,"Pima County, AZ, USA",5,roomthily,442615,false,https://www.inaturalist.org/observations/328796890,https://inaturalist-open-data.s3.amazonaws.com/photos/595875382/medium.jpg,CC-BY-NC,iNaturalist,NA,1,-110.6744166667,32.2321361111
Calliandra eriophylla,pink fairy-duster,Plantae,Plants,2025-11-26,"Tucson, AZ 85748, USA",387,aadtreher,19419,false,https://www.inaturalist.org/observations/328434619,https://inaturalist-open-data.s3.amazonaws.com/photos/595143952/medium.jpg,CC-BY-NC,iNaturalist,NA,1,-110.7224511355,32.2166395884
Cardinalis sinuatus,pyrrhuloxia,Aves,Birds,2025-11-29,Saguaro NP--East--Bridal Wreath Falls,NA,NA,NA,NA,https://ebird.org/checklist/S286716383,NA,NA,eBird,S286716383,1,-110.6506759,32.2274054
Cardinalis sinuatus,pyrrhuloxia,Aves,Birds,2025-11-27,Saguaro NP--East--Douglas Spring Trail,NA,NA,NA,NA,https://ebird.org/checklist/S286390636,NA,NA,eBird,S286390636,2,-110.6854404,32.2348945
Cardinalis sinuatus,pyrrhuloxia,Aves,Birds,2025-11-25,Saguaro NP--East--Mica View,NA,NA,NA,NA,https://ebird.org/checklist/S286126452,NA,NA,eBird,S286126452,1,-110.7246381,32.2111462
Danaus gilippus,queen,Insecta,Insects,2025-11-29,"Coyote Wash Trail, Saguaro National Park, Pima County, AZ, USA",178,pauls_tucson,2397809,false,https://www.inaturalist.org/observations/328981287,https://inaturalist-open-data.s3.amazonaws.com/photos/596246574/medium.jpg,CC-BY-NC,iNaturalist,NA,1,-110.6829659777,32.1242284411
Danaus gilippus,queen,Insecta,Insects,2025-11-27,"Tucson, AZ 85730, USA",337,aadtreher,19419,false,https://www.inaturalist.org/observations/328681049,https://inaturalist-open-data.s3.amazonaws.com/photos/595644638/medium.jpg,CC-BY-NC,iNaturalist,NA,1,-110.681348294,32.2309608427
Danaus gilippus,queen,Insecta,Insects,2025-11-26,"Pima County, AZ, USA",344,roomthily,442615,false,https://www.inaturalist.org/observations/328432181,https://inaturalist-open-data.s3.amazonaws.com/photos/595137890/medium.jpg,CC-BY-NC,iNaturalist,NA,1,-110.6850014731,32.218294868
Danaus gilippus,queen,Insecta,Insects,2025-11-26,"Pima County, AZ, USA",344,roomthily,442615,false,https://www.inaturalist.org/observations/328432180,https://inaturalist-open-data.s3.amazonaws.com/photos/595137875/medium.jpg,CC-BY-NC,iNaturalist,NA,1,-110.6850014731,32.218294868
Danaus gilippus,queen,Insecta,Insects,2025-11-26,"Pima County, AZ, USA",942,roomthily,442615,false,https://www.inaturalist.org/observations/328432158,https://inaturalist-open-data.s3.amazonaws.com/photos/595136992/medium.jpg,CC-BY-NC,iNaturalist,NA,1,-110.6825185467,32.2128155169
Buteo jamaicensis,red-tailed hawk,Aves,Birds,2025-11-29,Saguaro NP--East--Bridal Wreath Falls,NA,NA,NA,NA,https://ebird.org/checklist/S286716383,NA,NA,eBird,S286716383,1,-110.6506759,32.2274054
Buteo jamaicensis,red-tailed hawk,Aves,Birds,2025-11-29,Saguaro NP--East--Douglas Spring Trail,NA,NA,NA,NA,https://ebird.org/checklist/S286843407,NA,NA,eBird,S286843407,1,-110.6854404,32.2348945
Buteo jamaicensis,red-tailed hawk,Aves,Birds,2025-11-29,"Panther Peak trail, Saguaro NP(West), Tucson US-AZ",NA,NA,NA,NA,https://ebird.org/checklist/S286706524,NA,NA,eBird,S286706524,1,-111.164537,32.345804
Buteo jamaicensis,red-tailed hawk,Aves,Birds,2025-11-27,"85745, Tucson US-AZ 32.27621, -111.12123",NA,NA,NA,NA,https://ebird.org/checklist/S286390029,NA,NA,eBird,S286390029,1,-111.12123,32.276211000000004
Buteo jamaicensis,red-tailed hawk,Aves,Birds,2025-11-25,Saguaro NP--East--Cactus Forest South Trailhead,NA,NA,NA,NA,https://ebird.org/checklist/S286149526,NA,NA,eBird,S286149526,2,-110.7287979,32.1704179
Buteo jamaicensis,red-tailed hawk,Aves,Birds,2025-11-25,Saguaro NP--West--Cam-Boh Trail,NA,NA,NA,NA,https://ebird.org/checklist/S286134634,NA,NA,eBird,S286134634,1,-111.1659926,32.3192677
Buteo jamaicensis,red-tailed hawk,Aves,Birds,2025-11-24,Saguaro NP--East--Mica View,NA,NA,NA,NA,https://ebird.org/checklist/S285991635,NA,NA,eBird,S285991635,1,-110.7246381,32.2111462
Buteo jamaicensis,red-tailed hawk,Aves,Birds,2025-11-24,"Scenic Trail, Tucson US-AZ 32.35171, -111.13997",NA,NA,NA,NA,https://ebird.org/checklist/S285975043,NA,NA,eBird,S285975043,2,-111.139975,32.351707
Hibiscus denudatus,rock hibiscus,Plantae,Plants,2025-11-25,"Tucson, AZ 85747, USA",NA,brian2445,6730863,false,https://www.inaturalist.org/observations/328230751,https://static.inaturalist.org/photos/594734371/medium.jpg,,iNaturalist,NA,1,-110.6838083333,32.1358083333
Columba livia,rock pigeon,Aves,Birds,2025-11-30,Saguaro NP--East--Rincon Mountain Visitor Center (not Cactus Loop Dr.),NA,NA,NA,NA,https://ebird.org/checklist/S286853808,NA,NA,eBird,S286853808,4,-110.7363725,32.180053
Salpinctes obsoletus,rock wren,Aves,Birds,2025-11-30,Saguaro NP Auto Loop,NA,NA,NA,NA,https://ebird.org/checklist/S286880805,NA,NA,eBird,S286880805,1,-110.730829,32.185687
Salpinctes obsoletus,rock wren,Aves,Birds,2025-11-30,Saguaro NP--West--Picture Rocks Trail,NA,NA,NA,NA,https://ebird.org/checklist/S286858609,NA,NA,eBird,S286858609,1,-111.1305633,32.3277558
Salpinctes obsoletus,rock wren,Aves,Birds,2025-11-30,Saguaro NP--East--Loma Alta Trails,NA,NA,NA,NA,https://ebird.org/checklist/S286833062,NA,NA,eBird,S286833062,1,-110.6741066,32.1420559
Salpinctes obsoletus,rock wren,Aves,Birds,2025-11-29,Saguaro NP--East--Bridal Wreath Falls,NA,NA,NA,NA,https://ebird.org/checklist/S286716383,NA,NA,eBird,S286716383,3,-110.6506759,32.2274054
Salpinctes obsoletus,rock wren,Aves,Birds,2025-11-29,Saguaro NP--East--Douglas Spring Trail,NA,NA,NA,NA,https://ebird.org/checklist/S286843407,NA,NA,eBird,S286843407,1,-110.6854404,32.2348945
Salpinctes obsoletus,rock wren,Aves,Birds,2025-11-29,"Panther Peak trail, Saguaro NP(West), Tucson US-AZ",NA,NA,NA,NA,https://ebird.org/checklist/S286706524,NA,NA,eBird,S286706524,4,-111.164537,32.345804
Salpinctes obsoletus,rock wren,Aves,Birds,2025-11-28,"3693 South Old Spanish Trail, Tucson, Arizona, US (32.197, -110.706)",NA,NA,NA,NA,https://ebird.org/checklist/S286713058,NA,NA,eBird,S286713058,1,-110.705763,32.1966244
Salpinctes obsoletus,rock wren,Aves,Birds,2025-11-27,"85745, Tucson US-AZ 32.27621, -111.12123",NA,NA,NA,NA,https://ebird.org/checklist/S286390029,NA,NA,eBird,S286390029,3,-111.12123,32.276211000000004
Salpinctes obsoletus,rock wren,Aves,Birds,2025-11-25,Saguaro National Park West - Nana and Bob's house,NA,NA,NA,NA,https://ebird.org/checklist/S286137171,NA,NA,eBird,S286137171,1,-111.1050191,32.3060989
Salpinctes obsoletus,rock wren,Aves,Birds,2025-11-25,Saguaro NP--West--Cam-Boh Trail,NA,NA,NA,NA,https://ebird.org/checklist/S286134634,NA,NA,eBird,S286134634,2,-111.1659926,32.3192677
Salpinctes obsoletus,rock wren,Aves,Birds,2025-11-24,Saguaro NP--East--Mica View,NA,NA,NA,NA,https://ebird.org/checklist/S285991635,NA,NA,eBird,S285991635,1,-110.7246381,32.2111462
Salpinctes obsoletus,rock wren,Aves,Birds,2025-11-24,"Scenic Trail, Tucson US-AZ 32.35171, -111.13997",NA,NA,NA,NA,https://ebird.org/checklist/S285975043,NA,NA,eBird,S285975043,5,-111.139975,32.351707
Menodora scabra,rough menodora,Plantae,Plants,2025-11-26,"Tucson, AZ 85748, USA",1033,aadtreher,19419,false,https://www.inaturalist.org/observations/328386599,https://inaturalist-open-data.s3.amazonaws.com/photos/595143312/medium.jpg,CC-BY-NC,iNaturalist,NA,1,-110.7229255512,32.2152834167
Corthylio calendula,ruby-crowned kinglet,Aves,Birds,2025-11-26,"Pima County, AZ, USA",552,roomthily,442615,false,https://www.inaturalist.org/observations/328432143,https://inaturalist-open-data.s3.amazonaws.com/photos/595136754/medium.jpg,CC-BY-NC,iNaturalist,NA,1,-110.6750204444,32.2173914052
Corthylio calendula,ruby-crowned kinglet,Aves,Birds,2025-11-30,Saguaro NP--East--Loma Alta Trails,NA,NA,NA,NA,https://ebird.org/checklist/S286833062,NA,NA,eBird,S286833062,1,-110.6741066,32.1420559
Corthylio calendula,ruby-crowned kinglet,Aves,Birds,2025-11-30,Saguaro NP--East--Douglas Spring Trail,NA,NA,NA,NA,https://ebird.org/checklist/S286815874,NA,NA,eBird,S286815874,2,-110.6854404,32.2348945
Corthylio calendula,ruby-crowned kinglet,Aves,Birds,2025-11-29,Saguaro NP--East--Bridal Wreath Falls,NA,NA,NA,NA,https://ebird.org/checklist/S286716383,NA,NA,eBird,S286716383,2,-110.6506759,32.2274054
Peucaea carpalis,rufous-winged sparrow,Aves,Birds,2025-11-30,Saguaro NP--East--Freeman Homestead Trail,NA,NA,NA,NA,https://ebird.org/checklist/S286815464,NA,NA,eBird,S286815464,2,-110.7291734,32.1612133
Peucaea carpalis,rufous-winged sparrow,Aves,Birds,2025-11-30,Saguaro NP--East--Douglas Spring Trail,NA,NA,NA,NA,https://ebird.org/checklist/S286815874,NA,NA,eBird,S286815874,9,-110.6854404,32.2348945
Peucaea carpalis,rufous-winged sparrow,Aves,Birds,2025-11-29,Saguaro NP--East--Loma Alta Trails,NA,NA,NA,NA,https://ebird.org/checklist/S286677205,NA,NA,eBird,S286677205,1,-110.6741066,32.1420559
Peucaea carpalis,rufous-winged sparrow,Aves,Birds,2025-11-25,Saguaro NP--East--Mica View,NA,NA,NA,NA,https://ebird.org/checklist/S286126452,NA,NA,eBird,S286126452,2,-110.7246381,32.2111462
Peucaea carpalis,rufous-winged sparrow,Aves,Birds,2025-11-24,Saguaro NP--East--Desert Ecology Trail,NA,NA,NA,NA,https://ebird.org/checklist/S285966365,NA,NA,eBird,S285966365,2,-110.724721,32.2035417
Carnegiea gigantea,saguaro,Plantae,Plants,2025-11-27,"Saguaro National Park - Tucson Mountain District, Tucson, AZ, US",3,pattabi,6078950,false,https://www.inaturalist.org/observations/328819051,https://inaturalist-open-data.s3.amazonaws.com/photos/595922088/medium.jpg,CC-BY-NC,iNaturalist,NA,1,-111.1992866667,32.2779716667
Carnegiea gigantea,saguaro,Plantae,Plants,2025-11-27,"Garwood Trail, Tucson, AZ, US",6,ronbinature,7913441,false,https://www.inaturalist.org/observations/328689306,https://inaturalist-open-data.s3.amazonaws.com/photos/595662771/medium.jpg,CC-BY-NC,iNaturalist,NA,1,-110.6896165079,32.2190285485
Carnegiea gigantea,saguaro,Plantae,Plants,2025-11-26,"Saguaro National Park - Tucson Mountain District, Tucson, AZ, US",3,aldanaak,8893181,false,https://www.inaturalist.org/observations/328400865,https://inaturalist-open-data.s3.amazonaws.com/photos/595073083/medium.jpg,CC-BY-NC,iNaturalist,NA,1,-111.1670904356,32.2841534599
Carnegiea gigantea,saguaro,Plantae,Plants,2025-11-25,"Desert Ecology Trail, Tucson, AZ, US",4,naldonas,9674949,false,https://www.inaturalist.org/observations/328257103,https://inaturalist-open-data.s3.amazonaws.com/photos/594786945/medium.jpg,CC-BY-NC,iNaturalist,NA,1,-110.7248616667,32.2042533333
Carnegiea gigantea,saguaro,Plantae,Plants,2025-11-24,Tucson,193,stevenjameswade,6223012,false,https://www.inaturalist.org/observations/328079296,https://inaturalist-open-data.s3.amazonaws.com/photos/594434420/medium.jpg,CC-BY-NC-ND,iNaturalist,NA,1,-110.7224121094,32.2134170532
Agave schottii,schott's century plant,Plantae,Plants,2025-11-26,"Pima County, AZ, USA",5,roomthily,442615,false,https://www.inaturalist.org/observations/328796921,https://inaturalist-open-data.s3.amazonaws.com/photos/595875956/medium.jpg,CC-BY-NC,iNaturalist,NA,1,-110.6644583333,32.22075
Agave schottii,schott's century plant,Plantae,Plants,2025-11-26,"Pima County, AZ, USA",5,roomthily,442615,false,https://www.inaturalist.org/observations/328796920,https://inaturalist-open-data.s3.amazonaws.com/photos/595875940/medium.jpg,CC-BY-NC,iNaturalist,NA,1,-110.6636805556,32.2210527778
Eurema nicippe,sleepy orange,Insecta,Insects,2025-11-26,"Pima County, AZ, USA",889,roomthily,442615,false,https://www.inaturalist.org/observations/328432188,https://inaturalist-open-data.s3.amazonaws.com/photos/595137976/medium.jpg,CC-BY-NC,iNaturalist,NA,1,-110.6845047355,32.2264938998
Eurema nicippe,sleepy orange,Insecta,Insects,2025-11-26,"Pima County, AZ, USA",942,roomthily,442615,false,https://www.inaturalist.org/observations/328432162,https://inaturalist-open-data.s3.amazonaws.com/photos/595137055/medium.jpg,CC-BY-NC,iNaturalist,NA,1,-110.6825185467,32.2128155169
Eurema nicippe,sleepy orange,Insecta,Insects,2025-11-26,"Pima County, AZ, USA",332,roomthily,442615,false,https://www.inaturalist.org/observations/328432068,https://inaturalist-open-data.s3.amazonaws.com/photos/595132848/medium.jpg,CC-BY-NC,iNaturalist,NA,1,-110.6656282159,32.2280258035
Eurema nicippe,sleepy orange,Insecta,Insects,2025-11-26,"Pima County, AZ, USA",802,roomthily,442615,false,https://www.inaturalist.org/observations/328432032,https://inaturalist-open-data.s3.amazonaws.com/photos/595132281/medium.jpg,CC-BY-NC,iNaturalist,NA,1,-110.6827216483,32.2337819796
Janusia gracilis,slender janusia,Plantae,Plants,2025-11-29,"Tucson, AZ 85730, USA",NA,tapaculo99,20957,false,https://www.inaturalist.org/observations/328845701,https://inaturalist-open-data.s3.amazonaws.com/photos/595977457/medium.jpg,CC-BY-NC,iNaturalist,NA,1,-110.6834444444,32.2325694444
Enneapogon cenchroides,soft feather pappus grass,Plantae,Plants,2025-11-27,Tucson,5,larea,8428309,false,https://www.inaturalist.org/observations/328502574,https://inaturalist-open-data.s3.amazonaws.com/photos/595283639/medium.jpg,CC-BY-NC,iNaturalist,NA,1,-110.728187561,32.2031478882
Stagmomantis clauseni,sonoran tiger mantis,Insecta,Insects,2025-11-26,"Pima County, AZ, USA",653,roomthily,442615,false,https://www.inaturalist.org/observations/328432097,https://inaturalist-open-data.s3.amazonaws.com/photos/595134991/medium.jpg,CC-BY-NC,iNaturalist,NA,1,-110.6599002654,32.2236588577
Zerene cesonia,southern dogface,Insecta,Insects,2025-11-29,"Tucson, AZ 85730, USA",NA,tapaculo99,20957,false,https://www.inaturalist.org/observations/328845088,https://inaturalist-open-data.s3.amazonaws.com/photos/595976253/medium.jpg,CC-BY-NC,iNaturalist,NA,1,-110.6728416667,32.2298916667
Zerene cesonia,southern dogface,Insecta,Insects,2025-11-26,"Pima County, AZ, USA",5,roomthily,442615,false,https://www.inaturalist.org/observations/328796936,https://inaturalist-open-data.s3.amazonaws.com/photos/595876479/medium.jpg,CC-BY-NC,iNaturalist,NA,1,-110.6829527778,32.2097861111
Zerene cesonia,southern dogface,Insecta,Insects,2025-11-26,"Pima County, AZ, USA",344,roomthily,442615,false,https://www.inaturalist.org/observations/328432182,https://inaturalist-open-data.s3.amazonaws.com/photos/595137912/medium.jpg,CC-BY-NC,iNaturalist,NA,1,-110.6850014731,32.218294868
Zerene cesonia,southern dogface,Insecta,Insects,2025-11-26,"Pima County, AZ, USA",344,roomthily,442615,false,https://www.inaturalist.org/observations/328432179,https://inaturalist-open-data.s3.amazonaws.com/photos/595137841/medium.jpg,CC-BY-NC,iNaturalist,NA,1,-110.6850014731,32.218294868
Pipilo maculatus,spotted towhee,Aves,Birds,2025-11-30,Saguaro NP--East--Douglas Spring Trail,NA,NA,NA,NA,https://ebird.org/checklist/S286815874,NA,NA,eBird,S286815874,1,-110.6854404,32.2348945
Pipilo maculatus,spotted towhee,Aves,Birds,2025-11-29,Saguaro NP--East--Loma Alta Trails,NA,NA,NA,NA,https://ebird.org/checklist/S286677205,NA,NA,eBird,S286677205,1,-110.6741066,32.1420559
Syntrichia ruralis,star moss,Plantae,Plants,2025-11-27,Tucson,3,larea,8428309,false,https://www.inaturalist.org/observations/328496348,https://inaturalist-open-data.s3.amazonaws.com/photos/595271792/medium.jpg,CC-BY-NC,iNaturalist,NA,1,-110.7279052734,32.2201766968
Bebbia juncea,sweetbush,Plantae,Plants,2025-11-24,"Saguaro National Park - Tucson Mountain District, Tucson, AZ, US",4,juliet512,1011486,false,https://www.inaturalist.org/observations/328080131,https://static.inaturalist.org/photos/594434758/medium.jpg,,iNaturalist,NA,1,-111.1977833333,32.25475
Cylindropuntia bigelovii,teddybear cholla,Plantae,Plants,2025-11-29,"Tucson, AZ 85730, USA",NA,tapaculo99,20957,false,https://www.inaturalist.org/observations/328845053,https://inaturalist-open-data.s3.amazonaws.com/photos/595976218/medium.jpg,CC-BY-NC,iNaturalist,NA,1,-110.6739277778,32.2322083333
Cylindropuntia bigelovii,teddybear cholla,Plantae,Plants,2025-11-25,"Saguaro National Park - Tucson Mountain District, Tucson, AZ, US",6,sfcmiller,7583138,false,https://www.inaturalist.org/observations/328371786,https://inaturalist-open-data.s3.amazonaws.com/photos/595016635/medium.jpg,CC-BY-NC,iNaturalist,NA,1,-111.201325,32.2709383333
Anthanassa texana,texan crescent,Insecta,Insects,2025-11-29,"Hope Camp Trail, Saguaro National Park, Pima County, AZ, USA",105,pauls_tucson,2397809,false,https://www.inaturalist.org/observations/328981283,https://inaturalist-open-data.s3.amazonaws.com/photos/596246525/medium.jpg,CC-BY-NC,iNaturalist,NA,1,-110.6790973175,32.139957548
Anisacanthus thurberi,thurber's desert honeysuckle,Plantae,Plants,2025-11-27,Tucson,9,larea,8428309,false,https://www.inaturalist.org/observations/328503238,https://inaturalist-open-data.s3.amazonaws.com/photos/595285232/medium.jpg,CC-BY-NC,iNaturalist,NA,1,-110.7273330688,32.2029914856
Microtia dymas,tiny checkerspot,Insecta,Insects,2025-11-29,"Hope Camp Trail, Saguaro National Park, Pima County, AZ, USA",NA,pauls_tucson,2397809,false,https://www.inaturalist.org/observations/328981290,https://inaturalist-open-data.s3.amazonaws.com/photos/596246612/medium.jpg,CC-BY-NC,iNaturalist,NA,1,-110.679802,32.139278
Microtia dymas,tiny checkerspot,Insecta,Insects,2025-11-26,"Pima County, AZ, USA",344,roomthily,442615,false,https://www.inaturalist.org/observations/328432187,https://inaturalist-open-data.s3.amazonaws.com/photos/595137964/medium.jpg,CC-BY-NC,iNaturalist,NA,1,-110.6850014731,32.218294868
Microtia dymas,tiny checkerspot,Insecta,Insects,2025-11-26,"Pima County, AZ, USA",344,roomthily,442615,false,https://www.inaturalist.org/observations/328432176,https://inaturalist-open-data.s3.amazonaws.com/photos/595137367/medium.jpg,CC-BY-NC,iNaturalist,NA,1,-110.6850014731,32.218294868
Microtia dymas,tiny checkerspot,Insecta,Insects,2025-11-26,"Pima County, AZ, USA",552,roomthily,442615,false,https://www.inaturalist.org/observations/328432144,https://inaturalist-open-data.s3.amazonaws.com/photos/595136767/medium.jpg,CC-BY-NC,iNaturalist,NA,1,-110.6750204444,32.2173914052
Allionia incarnata,trailing windmills,Plantae,Plants,2025-11-29,"Tucson, AZ 85730, USA",NA,tapaculo99,20957,false,https://www.inaturalist.org/observations/328845098,https://inaturalist-open-data.s3.amazonaws.com/photos/595976272/medium.jpg,CC-BY-NC,iNaturalist,NA,1,-110.6727388889,32.2298944444
Allionia incarnata,trailing windmills,Plantae,Plants,2025-11-29,"Saguaro National Park - Tucson Mountain District, Tucson, AZ, US",5,critterpal,6852597,false,https://www.inaturalist.org/observations/328815593,https://inaturalist-open-data.s3.amazonaws.com/photos/595914972/medium.jpg,CC-BY-NC,iNaturalist,NA,1,-111.1552666667,32.2611416667
Allionia incarnata,trailing windmills,Plantae,Plants,2025-11-29,"Saguaro National Park - Rincon Mountain District, Tucson, AZ, US",6,yams17,558842,false,https://www.inaturalist.org/observations/328811497,https://static.inaturalist.org/photos/595907637/medium.jpg,,iNaturalist,NA,1,-110.6857383333,32.134425
Allionia incarnata,trailing windmills,Plantae,Plants,2025-11-29,"Tucson, AZ 85743, USA",NA,drew23892,9157906,false,https://www.inaturalist.org/observations/328790579,https://inaturalist-open-data.s3.amazonaws.com/photos/595865777/medium.jpg,CC-BY-NC,iNaturalist,NA,1,-111.1431606997,32.2656144997
Allionia incarnata,trailing windmills,Plantae,Plants,2025-11-27,"Pima County, AZ, USA",NA,ronbinature,7913441,false,https://www.inaturalist.org/observations/328691407,https://inaturalist-open-data.s3.amazonaws.com/photos/595666464/medium.jpg,CC-BY-NC,iNaturalist,NA,1,-110.68988,32.214249
Allionia incarnata,trailing windmills,Plantae,Plants,2025-11-26,"Saguaro National Park, Pima County, US-AZ, US",2,aldanaak,8893181,false,https://www.inaturalist.org/observations/328401247,https://inaturalist-open-data.s3.amazonaws.com/photos/595073724/medium.jpg,CC-BY-NC,iNaturalist,NA,1,-111.158155492,32.2701130644
Ambrosia deltoidea,triangle-leaf bursage,Plantae,Plants,2025-11-27,"King Canyon Trail, Tucson, AZ, US",7,phoenix_66,5416176,false,https://www.inaturalist.org/observations/328568426,https://inaturalist-open-data.s3.amazonaws.com/photos/595418843/medium.jpg,CC-BY-NC,iNaturalist,NA,1,-111.1583109719,32.2567209455
Cathartes aura,turkey vulture,Aves,Birds,2025-11-24,Saguaro NP--East--Mica View,NA,NA,NA,NA,https://ebird.org/checklist/S285991635,NA,NA,eBird,S285991635,1,-110.7246381,32.2111462
Euptoieta claudia,variegated fritillary,Insecta,Insects,2025-11-29,"Hope Camp Trail, Saguaro National Park, Pima County, AZ, USA",NA,pauls_tucson,2397809,false,https://www.inaturalist.org/observations/328981285,https://inaturalist-open-data.s3.amazonaws.com/photos/596246546/medium.jpg,CC-BY-NC,iNaturalist,NA,1,-110.6833190001,32.136288
Euptoieta claudia,variegated fritillary,Insecta,Insects,2025-11-26,"Tucson, AZ 85748, USA",162,aadtreher,19419,false,https://www.inaturalist.org/observations/328387900,https://inaturalist-open-data.s3.amazonaws.com/photos/595047224/medium.jpg,CC-BY-NC,iNaturalist,NA,1,-110.7233858854,32.2192157199
Sympetrum corruptum,variegated meadowhawk,Insecta,Insects,2025-11-26,"Pima County, AZ, USA",653,roomthily,442615,false,https://www.inaturalist.org/observations/328432113,https://inaturalist-open-data.s3.amazonaws.com/photos/595135458/medium.jpg,CC-BY-NC,iNaturalist,NA,1,-110.6599002654,32.2236588577
Sympetrum corruptum,variegated meadowhawk,Insecta,Insects,2025-11-26,"Pima County, AZ, USA",263,roomthily,442615,false,https://www.inaturalist.org/observations/328432087,https://inaturalist-open-data.s3.amazonaws.com/photos/595134279/medium.jpg,CC-BY-NC,iNaturalist,NA,1,-110.661127161,32.227585500000004
Auriparus flaviceps,verdin,Aves,Birds,2025-11-30,Saguaro NP--East--Loma Alta Trails,NA,NA,NA,NA,https://ebird.org/checklist/S286833062,NA,NA,eBird,S286833062,6,-110.6741066,32.1420559
Auriparus flaviceps,verdin,Aves,Birds,2025-11-30,Saguaro NP--East--Freeman Homestead Trail,NA,NA,NA,NA,https://ebird.org/checklist/S286815464,NA,NA,eBird,S286815464,3,-110.7291734,32.1612133
Auriparus flaviceps,verdin,Aves,Birds,2025-11-30,Saguaro NP--East--Douglas Spring Trail,NA,NA,NA,NA,https://ebird.org/checklist/S286815874,NA,NA,eBird,S286815874,1,-110.6854404,32.2348945
Auriparus flaviceps,verdin,Aves,Birds,2025-11-29,Saguaro NP--West--Picture Rocks Trail,NA,NA,NA,NA,https://ebird.org/checklist/S286708205,NA,NA,eBird,S286708205,6,-111.1305633,32.3277558
Auriparus flaviceps,verdin,Aves,Birds,2025-11-29,Saguaro NP--East--Bridal Wreath Falls,NA,NA,NA,NA,https://ebird.org/checklist/S286716383,NA,NA,eBird,S286716383,6,-110.6506759,32.2274054
Auriparus flaviceps,verdin,Aves,Birds,2025-11-29,"Panther Peak trail, Saguaro NP(West), Tucson US-AZ",NA,NA,NA,NA,https://ebird.org/checklist/S286706524,NA,NA,eBird,S286706524,6,-111.164537,32.345804
Auriparus flaviceps,verdin,Aves,Birds,2025-11-27,Saguaro National Park West - Nana and Bob's house,NA,NA,NA,NA,https://ebird.org/checklist/S286382829,NA,NA,eBird,S286382829,NA,-111.1050191,32.3060989
Auriparus flaviceps,verdin,Aves,Birds,2025-11-25,Saguaro NP--East--Cactus Forest South Trailhead,NA,NA,NA,NA,https://ebird.org/checklist/S286149526,NA,NA,eBird,S286149526,1,-110.7287979,32.1704179
Auriparus flaviceps,verdin,Aves,Birds,2025-11-25,Saguaro NP--East--Cactus Forest Dr Loop,NA,NA,NA,NA,https://ebird.org/checklist/S286143650,NA,NA,eBird,S286143650,2,-110.7076505,32.191219
Auriparus flaviceps,verdin,Aves,Birds,2025-11-25,Saguaro NP--West--Desert Discovery Trail,NA,NA,NA,NA,https://ebird.org/checklist/S286409778,NA,NA,eBird,S286409778,2,-111.2106575,32.2625304
Auriparus flaviceps,verdin,Aves,Birds,2025-11-25,Saguaro NP--West--Cam-Boh Trail,NA,NA,NA,NA,https://ebird.org/checklist/S286134634,NA,NA,eBird,S286134634,3,-111.1659926,32.3192677
Auriparus flaviceps,verdin,Aves,Birds,2025-11-24,"Cactus Forest Trail, Tucson US-AZ 32.19972, -110.72143",NA,NA,NA,NA,https://ebird.org/checklist/S286030449,NA,NA,eBird,S286030449,4,-110.721426,32.199725
Auriparus flaviceps,verdin,Aves,Birds,2025-11-24,"Scenic Trail, Tucson US-AZ 32.35171, -111.13997",NA,NA,NA,NA,https://ebird.org/checklist/S285975043,NA,NA,eBird,S285975043,4,-111.139975,32.351707
Crotalus atrox,western diamond-backed rattlesnake,Reptilia,Reptiles,2025-11-28,"Tucson, AZ 85748, USA",NA,brian2445,6730863,false,https://www.inaturalist.org/observations/328622454,https://static.inaturalist.org/photos/595528511/medium.jpg,,iNaturalist,NA,1,-110.7273361111,32.2077583333
Brephidium exilis,western pygmy-blue,Insecta,Insects,2025-11-26,"Pima County, AZ, USA",653,roomthily,442615,false,https://www.inaturalist.org/observations/328432112,https://inaturalist-open-data.s3.amazonaws.com/photos/595135445/medium.jpg,CC-BY-NC,iNaturalist,NA,1,-110.6599002654,32.2236588577
Brephidium exilis,western pygmy-blue,Insecta,Insects,2025-11-26,"Pima County, AZ, USA",263,roomthily,442615,false,https://www.inaturalist.org/observations/328432077,https://inaturalist-open-data.s3.amazonaws.com/photos/595134014/medium.jpg,CC-BY-NC,iNaturalist,NA,1,-110.661127161,32.227585500000004
Brephidium exilis,western pygmy-blue,Insecta,Insects,2025-11-26,"Pima County, AZ, USA",263,roomthily,442615,false,https://www.inaturalist.org/observations/328432076,https://inaturalist-open-data.s3.amazonaws.com/photos/595133994/medium.jpg,CC-BY-NC,iNaturalist,NA,1,-110.661127161,32.227585500000004
Brephidium exilis,western pygmy-blue,Insecta,Insects,2025-11-26,"Pima County, AZ, USA",245,roomthily,442615,false,https://www.inaturalist.org/observations/328432047,https://inaturalist-open-data.s3.amazonaws.com/photos/595132604/medium.jpg,CC-BY-NC,iNaturalist,NA,1,-110.6715855721,32.2285593097
Zonotrichia leucophrys,white-crowned sparrow,Aves,Birds,2025-11-30,Saguaro NP--East--Douglas Spring Trail,NA,NA,NA,NA,https://ebird.org/checklist/S286815874,NA,NA,eBird,S286815874,4,-110.6854404,32.2348945
Zonotrichia leucophrys,white-crowned sparrow,Aves,Birds,2025-11-29,Saguaro NP--East--Bridal Wreath Falls,NA,NA,NA,NA,https://ebird.org/checklist/S286716383,NA,NA,eBird,S286716383,15,-110.6506759,32.2274054
Zonotrichia leucophrys,white-crowned sparrow,Aves,Birds,2025-11-26,Saguaro National Park West - Nana and Bob's house,NA,NA,NA,NA,https://ebird.org/checklist/S286235671,NA,NA,eBird,S286235671,1,-111.1050191,32.3060989
Zonotrichia leucophrys,white-crowned sparrow,Aves,Birds,2025-11-24,"Scenic Trail, Tucson US-AZ 32.35171, -111.13997",NA,NA,NA,NA,https://ebird.org/checklist/S285975043,NA,NA,eBird,S285975043,3,-111.139975,32.351707
Hyles lineata,white-lined sphinx,Insecta,Insects,2025-11-26,"Pima County, AZ, USA",4,decayingobserver,9835693,false,https://www.inaturalist.org/observations/328553785,https://inaturalist-open-data.s3.amazonaws.com/photos/595097353/medium.jpg,CC-BY-NC,iNaturalist,NA,1,-110.72515,32.2038722222
Aeronautes saxatalis,white-throated swift,Aves,Birds,2025-11-29,"Panther Peak trail, Saguaro NP(West), Tucson US-AZ",NA,NA,NA,NA,https://ebird.org/checklist/S286706524,NA,NA,eBird,S286706524,6,-111.164537,32.345804
Aeronautes saxatalis,white-throated swift,Aves,Birds,2025-11-24,"Scenic Trail, Tucson US-AZ 32.35171, -111.13997",NA,NA,NA,NA,https://ebird.org/checklist/S285975043,NA,NA,eBird,S285975043,3,-111.139975,32.351707
Psilostrophe cooperi,whitestem paperflower,Plantae,Plants,2025-11-26,"Pima County, AZ, USA",5,roomthily,442615,false,https://www.inaturalist.org/observations/328796866,https://inaturalist-open-data.s3.amazonaws.com/photos/595874842/medium.jpg,CC-BY-NC,iNaturalist,NA,1,-110.6829444444,32.233925
Psilostrophe cooperi,whitestem paperflower,Plantae,Plants,2025-11-27,Tucson,7,larea,8428309,false,https://www.inaturalist.org/observations/328495375,https://inaturalist-open-data.s3.amazonaws.com/photos/595268427/medium.jpg,CC-BY-NC,iNaturalist,NA,1,-110.7273635864,32.2208786011
Aphelocoma woodhouseii,woodhouse's scrub-jay,Aves,Birds,2025-11-30,Saguaro NP--East--Douglas Spring Trail,NA,NA,NA,NA,https://ebird.org/checklist/S286815874,NA,NA,eBird,S286815874,1,-110.6854404,32.2348945
Aphelocoma woodhouseii,woodhouse's scrub-jay,Aves,Birds,2025-11-29,Saguaro NP--East--Bridal Wreath Falls,NA,NA,NA,NA,https://ebird.org/checklist/S286716383,NA,NA,eBird,S286716383,2,-110.6506759,32.2274054
Aphelocoma woodhouseii,woodhouse's scrub-jay,Aves,Birds,2025-11-29,Saguaro NP--East--Loma Alta Trails,NA,NA,NA,NA,https://ebird.org/checklist/S286677414,NA,NA,eBird,S286677414,1,-110.6741066,32.1420559
Tidestromia lanuginosa,woolly tidestromia,Plantae,Plants,2025-11-24,"Saguaro National Park - Rincon Mountain District, Tucson, AZ, US",3,drodr32,5466430,false,https://www.inaturalist.org/observations/328119982,https://inaturalist-open-data.s3.amazonaws.com/photos/594511987/medium.jpg,CC-BY-NC,iNaturalist,NA,1,-110.71222,32.2353216667
Aloysia wrightii,wright's beebrush,Plantae,Plants,2025-11-26,"Pima County, AZ, USA",5,roomthily,442615,false,https://www.inaturalist.org/observations/328796929,https://inaturalist-open-data.s3.amazonaws.com/photos/595876220/medium.jpg,CC-BY-NC,iNaturalist,NA,1,-110.6733694444,32.2178833333
Aloysia wrightii,wright's beebrush,Plantae,Plants,2025-11-26,"Pima County, AZ, USA",5,roomthily,442615,false,https://www.inaturalist.org/observations/328796880,https://inaturalist-open-data.s3.amazonaws.com/photos/595875166/medium.jpg,CC-BY-NC,iNaturalist,NA,1,-110.6786277778,32.2340472222
Polistes flavus,yellow paper wasp,Insecta,Insects,2025-11-26,"Pima County, AZ, USA",196,roomthily,442615,false,https://www.inaturalist.org/observations/328432169,https://inaturalist-open-data.s3.amazonaws.com/photos/595137261/medium.jpg,CC-BY-NC,iNaturalist,NA,1,-110.6841935992,32.2108847498
Polistes flavus,yellow paper wasp,Insecta,Insects,2025-11-26,"Pima County, AZ, USA",552,roomthily,442615,false,https://www.inaturalist.org/observations/328432153,https://inaturalist-open-data.s3.amazonaws.com/photos/595136966/medium.jpg,CC-BY-NC,iNaturalist,NA,1,-110.6750204444,32.2173914052
Tecoma stans,yellow trumpet flower,Plantae,Plants,2025-11-26,"Pima County, AZ, USA",5,roomthily,442615,false,https://www.inaturalist.org/observations/328796928,https://inaturalist-open-data.s3.amazonaws.com/photos/595876146/medium.jpg,CC-BY-NC,iNaturalist,NA,1,-110.6711361111,32.2182
Setophaga coronata,yellow-rumped warbler,Aves,Birds,2025-11-30,Saguaro NP--East--Loma Alta Trails,NA,NA,NA,NA,https://ebird.org/checklist/S286833062,NA,NA,eBird,S286833062,3,-110.6741066,32.1420559
Setophaga coronata,yellow-rumped warbler,Aves,Birds,2025-11-27,Saguaro NP--East--Douglas Spring Trail,NA,NA,NA,NA,https://ebird.org/checklist/S286390636,NA,NA,eBird,S286390636,1,-110.6854404,32.2348945
Porophyllum ruderale,yerba porosa,Plantae,Plants,2025-11-26,"Pima County, AZ, USA",5,roomthily,442615,false,https://www.inaturalist.org/observations/328796942,https://inaturalist-open-data.s3.amazonaws.com/photos/595876536/medium.jpg,CC-BY-NC,iNaturalist,NA,1,-110.683875,32.2105333333
Argythamnia serrata,yuma silverbush,Plantae,Plants,2025-11-27,Tucson,10,larea,8428309,false,https://www.inaturalist.org/observations/328495513,https://inaturalist-open-data.s3.amazonaws.com/photos/595268628/medium.jpg,CC-BY-NC,iNaturalist,NA,1,-110.727394104,32.2208251953
Callisaurus draconoides,zebra-tailed lizard,Reptilia,Reptiles,2025-11-26,"Tucson, AZ 85743, USA",NA,calliepeacock,3046995,false,https://www.inaturalist.org/observations/328405823,https://static.inaturalist.org/photos/595083131/medium.jpg,,iNaturalist,NA,1,-111.2081944444,32.2919277778
